policy_id,policy_name,user_id,result,age_match,region_match,marriage_match,school_status,sbiz,job
20260605005400113228,청년미래적금,1001,YES,True,True,True,True,True,True
20260605005400113228,청년미래적금,1002,YES,True,True,True,True,True,True
20260605005400113228,청년미래적금,1003,YES,True,True,True,True,True,True
20260605005400113228,청년미래적금,1004,YES,True,True,True,True,True,True
20260605005400113228,청년미래적금,1005,YES,True,True,True,True,True,True
20260605005400113228,청년미래적금,1006,YES,True,True,True,True,True,True
20260605005400113228,청년미래적금,1007,YES,True,True,True,True,True,True
20260605005400113228,청년미래적금,1008,YES,True,True,True,True,True,True
20260605005400113228,청년미래적금,1009,YES,True,True,True,True,True,True
20260605005400113228,청년미래적금,1010,YES,True,True,True,True,True,True
20260605005400113228,청년미래적금,1011,YES,True,True,True,True,True,True
20260605005400113228,청년미래적금,1012,YES,True,True,True,True,True,True
20260605005400113228,청년미래적금,1013,YES,True,True,True,True,True,True
20260605005400113228,청년미래적금,1014,YES,True,True,True,True,True,True
20260605005400113228,청년미래적금,1015,YES,True,True,True,True,True,True
20260605005400113228,청년미래적금,1016,YES,True,True,True,True,True,True
20260605005400113228,청년미래적금,1017,YES,True,True,True,True,True,True
20260605005400113228,청년미래적금,1018,YES,True,True,True,True,True,True
20260605005400113228,청년미래적금,1019,YES,True,True,True,True,True,True
20260605005400113228,청년미래적금,1020,YES,True,True,True,True,True,True
20260605005400113228,청년미래적금,1021,YES,True,True,True,True,True,True
20260605005400113228,청년미래적금,1022,YES,True,True,True,True,True,True
20260605005400113228,청년미래적금,1023,YES,True,True,True,True,True,True
20260605005400113228,청년미래적금,1024,YES,True,True,True,True,True,True
20260605005400113228,청년미래적금,1025,YES,True,True,True,True,True,True
20260605005400113228,청년미래적금,1026,YES,True,True,True,True,True,True
20260605005400113228,청년미래적금,1027,YES,True,True,True,True,True,True
20260605005400113228,청년미래적금,1028,YES,True,True,True,True,True,True
20260605005400113228,청년미래적금,1029,YES,True,True,True,True,True,True
20260605005400113228,청년미래적금,1030,YES,True,True,True,True,True,True
20260605005400113228,청년미래적금,1031,YES,True,True,True,True,True,True
20260605005400113228,청년미래적금,1032,YES,True,True,True,True,True,True
20260605005400113228,청년미래적금,1033,YES,True,True,True,True,True,True
20260605005400113228,청년미래적금,1034,YES,True,True,True,True,True,True
20260605005400113228,청년미래적금,1035,YES,True,True,True,True,True,True
20260605005400113228,청년미래적금,1036,YES,True,True,True,True,True,True
20260605005400113228,청년미래적금,1037,YES,True,True,True,True,True,True
20260605005400113228,청년미래적금,1038,YES,True,True,True,True,True,True
20260605005400113228,청년미래적금,1039,YES,True,True,True,True,True,True
20260605005400113228,청년미래적금,1040,YES,True,True,True,True,True,True
20260605005400113228,청년미래적금,1041,YES,True,True,True,True,True,True
20260605005400113228,청년미래적금,1042,YES,True,True,True,True,True,True
20260605005400113228,청년미래적금,1043,YES,True,True,True,True,True,True
20260605005400113228,청년미래적금,1044,YES,True,True,True,True,True,True
20260605005400113228,청년미래적금,1045,YES,True,True,True,True,True,True
20260605005400113228,청년미래적금,1046,YES,True,True,True,True,True,True
20260605005400113228,청년미래적금,1047,YES,True,True,True,True,True,True
20260605005400113228,청년미래적금,1048,YES,True,True,True,True,True,True
20260605005400113228,청년미래적금,1049,YES,True,True,True,True,True,True
20260605005400113228,청년미래적금,1050,YES,True,True,True,True,True,True
20260605005400113228,청년미래적금,1051,YES,True,True,True,True,True,True
20260605005400113228,청년미래적금,1052,YES,True,True,True,True,True,True
20260605005400113228,청년미래적금,1053,YES,True,True,True,True,True,True
20260605005400113228,청년미래적금,1054,YES,True,True,True,True,True,True
20260605005400113228,청년미래적금,1055,YES,True,True,True,True,True,True
20260605005400113228,청년미래적금,1056,YES,True,True,True,True,True,True
20260605005400113228,청년미래적금,1057,YES,True,True,True,True,True,True
20260605005400113228,청년미래적금,1058,YES,True,True,True,True,True,True
20260605005400113228,청년미래적금,1059,YES,True,True,True,True,True,True
20260605005400113228,청년미래적금,1060,YES,True,True,True,True,True,True
20260605005400113228,청년미래적금,1061,YES,True,True,True,True,True,True
20260605005400113228,청년미래적금,1062,YES,True,True,True,True,True,True
20260605005400113228,청년미래적금,1063,YES,True,True,True,True,True,True
20260605005400113228,청년미래적금,1064,YES,True,True,True,True,True,True
20260605005400113228,청년미래적금,1065,YES,True,True,True,True,True,True
20260605005400113228,청년미래적금,1066,YES,True,True,True,True,True,True
20260605005400113228,청년미래적금,1067,YES,True,True,True,True,True,True
20260605005400113228,청년미래적금,1068,YES,True,True,True,True,True,True
20260605005400113228,청년미래적금,1069,YES,True,True,True,True,True,True
20260605005400113228,청년미래적금,1070,YES,True,True,True,True,True,True
20260605005400113228,청년미래적금,1071,YES,True,True,True,True,True,True
20260605005400113228,청년미래적금,1072,YES,True,True,True,True,True,True
20260605005400113228,청년미래적금,1073,YES,True,True,True,True,True,True
20260605005400113228,청년미래적금,1074,YES,True,True,True,True,True,True
20260605005400113228,청년미래적금,1075,YES,True,True,True,True,True,True
20260605005400113228,청년미래적금,1076,YES,True,True,True,True,True,True
20260605005400113228,청년미래적금,1077,YES,True,True,True,True,True,True
20260605005400113228,청년미래적금,1078,YES,True,True,True,True,True,True
20260605005400113228,청년미래적금,1079,YES,True,True,True,True,True,True
20260605005400113228,청년미래적금,1080,YES,True,True,True,True,True,True
20260605005400113228,청년미래적금,1081,YES,True,True,True,True,True,True
20260605005400113228,청년미래적금,1082,YES,True,True,True,True,True,True
20260605005400113228,청년미래적금,1083,YES,True,True,True,True,True,True
20260605005400113228,청년미래적금,1084,YES,True,True,True,True,True,True
20260605005400113228,청년미래적금,1085,YES,True,True,True,True,True,True
20260605005400113228,청년미래적금,1086,YES,True,True,True,True,True,True
20260605005400113228,청년미래적금,1087,YES,True,True,True,True,True,True
20260605005400113228,청년미래적금,1088,YES,True,True,True,True,True,True
20260605005400113228,청년미래적금,1089,YES,True,True,True,True,True,True
20260605005400113228,청년미래적금,1090,YES,True,True,True,True,True,True
20260605005400113228,청년미래적금,1091,YES,True,True,True,True,True,True
20260605005400113228,청년미래적금,1092,YES,True,True,True,True,True,True
20260605005400113228,청년미래적금,1093,YES,True,True,True,True,True,True
20260605005400113228,청년미래적금,1094,YES,True,True,True,True,True,True
20260605005400113228,청년미래적금,1095,YES,True,True,True,True,True,True
20260605005400113228,청년미래적금,1096,YES,True,True,True,True,True,True
20260605005400113228,청년미래적금,1097,YES,True,True,True,True,True,True
20260605005400113228,청년미래적금,1098,YES,True,True,True,True,True,True
20260605005400113228,청년미래적금,1099,YES,True,True,True,True,True,True
20260605005400113228,청년미래적금,1100,YES,True,True,True,True,True,True
20260528005400113227,(농식품부) 농식품 바우처,1001,YES,True,True,True,True,True,True
20260528005400113227,(농식품부) 농식품 바우처,1002,YES,True,True,True,True,True,True
20260528005400113227,(농식품부) 농식품 바우처,1003,YES,True,True,True,True,True,True
20260528005400113227,(농식품부) 농식품 바우처,1004,YES,True,True,True,True,True,True
20260528005400113227,(농식품부) 농식품 바우처,1005,YES,True,True,True,True,True,True
20260528005400113227,(농식품부) 농식품 바우처,1006,YES,True,True,True,True,True,True
20260528005400113227,(농식품부) 농식품 바우처,1007,YES,True,True,True,True,True,True
20260528005400113227,(농식품부) 농식품 바우처,1008,YES,True,True,True,True,True,True
20260528005400113227,(농식품부) 농식품 바우처,1009,YES,True,True,True,True,True,True
20260528005400113227,(농식품부) 농식품 바우처,1010,YES,True,True,True,True,True,True
20260528005400113227,(농식품부) 농식품 바우처,1011,YES,True,True,True,True,True,True
20260528005400113227,(농식품부) 농식품 바우처,1012,YES,True,True,True,True,True,True
20260528005400113227,(농식품부) 농식품 바우처,1013,YES,True,True,True,True,True,True
20260528005400113227,(농식품부) 농식품 바우처,1014,YES,True,True,True,True,True,True
20260528005400113227,(농식품부) 농식품 바우처,1015,YES,True,True,True,True,True,True
20260528005400113227,(농식품부) 농식품 바우처,1016,YES,True,True,True,True,True,True
20260528005400113227,(농식품부) 농식품 바우처,1017,YES,True,True,True,True,True,True
20260528005400113227,(농식품부) 농식품 바우처,1018,YES,True,True,True,True,True,True
20260528005400113227,(농식품부) 농식품 바우처,1019,YES,True,True,True,True,True,True
20260528005400113227,(농식품부) 농식품 바우처,1020,YES,True,True,True,True,True,True
20260528005400113227,(농식품부) 농식품 바우처,1021,YES,True,True,True,True,True,True
20260528005400113227,(농식품부) 농식품 바우처,1022,NO,True,False,True,True,True,True
20260528005400113227,(농식품부) 농식품 바우처,1023,YES,True,True,True,True,True,True
20260528005400113227,(농식품부) 농식품 바우처,1024,YES,True,True,True,True,True,True
20260528005400113227,(농식품부) 농식품 바우처,1025,YES,True,True,True,True,True,True
20260528005400113227,(농식품부) 농식품 바우처,1026,YES,True,True,True,True,True,True
20260528005400113227,(농식품부) 농식품 바우처,1027,YES,True,True,True,True,True,True
20260528005400113227,(농식품부) 농식품 바우처,1028,YES,True,True,True,True,True,True
20260528005400113227,(농식품부) 농식품 바우처,1029,YES,True,True,True,True,True,True
20260528005400113227,(농식품부) 농식품 바우처,1030,YES,True,True,True,True,True,True
20260528005400113227,(농식품부) 농식품 바우처,1031,YES,True,True,True,True,True,True
20260528005400113227,(농식품부) 농식품 바우처,1032,YES,True,True,True,True,True,True
20260528005400113227,(농식품부) 농식품 바우처,1033,YES,True,True,True,True,True,True
20260528005400113227,(농식품부) 농식품 바우처,1034,YES,True,True,True,True,True,True
20260528005400113227,(농식품부) 농식품 바우처,1035,YES,True,True,True,True,True,True
20260528005400113227,(농식품부) 농식품 바우처,1036,YES,True,True,True,True,True,True
20260528005400113227,(농식품부) 농식품 바우처,1037,YES,True,True,True,True,True,True
20260528005400113227,(농식품부) 농식품 바우처,1038,YES,True,True,True,True,True,True
20260528005400113227,(농식품부) 농식품 바우처,1039,YES,True,True,True,True,True,True
20260528005400113227,(농식품부) 농식품 바우처,1040,YES,True,True,True,True,True,True
20260528005400113227,(농식품부) 농식품 바우처,1041,YES,True,True,True,True,True,True
20260528005400113227,(농식품부) 농식품 바우처,1042,YES,True,True,True,True,True,True
20260528005400113227,(농식품부) 농식품 바우처,1043,YES,True,True,True,True,True,True
20260528005400113227,(농식품부) 농식품 바우처,1044,YES,True,True,True,True,True,True
20260528005400113227,(농식품부) 농식품 바우처,1045,YES,True,True,True,True,True,True
20260528005400113227,(농식품부) 농식품 바우처,1046,YES,True,True,True,True,True,True
20260528005400113227,(농식품부) 농식품 바우처,1047,YES,True,True,True,True,True,True
20260528005400113227,(농식품부) 농식품 바우처,1048,YES,True,True,True,True,True,True
20260528005400113227,(농식품부) 농식품 바우처,1049,YES,True,True,True,True,True,True
20260528005400113227,(농식품부) 농식품 바우처,1050,YES,True,True,True,True,True,True
20260528005400113227,(농식품부) 농식품 바우처,1051,YES,True,True,True,True,True,True
20260528005400113227,(농식품부) 농식품 바우처,1052,YES,True,True,True,True,True,True
20260528005400113227,(농식품부) 농식품 바우처,1053,YES,True,True,True,True,True,True
20260528005400113227,(농식품부) 농식품 바우처,1054,YES,True,True,True,True,True,True
20260528005400113227,(농식품부) 농식품 바우처,1055,YES,True,True,True,True,True,True
20260528005400113227,(농식품부) 농식품 바우처,1056,YES,True,True,True,True,True,True
20260528005400113227,(농식품부) 농식품 바우처,1057,YES,True,True,True,True,True,True
20260528005400113227,(농식품부) 농식품 바우처,1058,YES,True,True,True,True,True,True
20260528005400113227,(농식품부) 농식품 바우처,1059,YES,True,True,True,True,True,True
20260528005400113227,(농식품부) 농식품 바우처,1060,YES,True,True,True,True,True,True
20260528005400113227,(농식품부) 농식품 바우처,1061,YES,True,True,True,True,True,True
20260528005400113227,(농식품부) 농식품 바우처,1062,YES,True,True,True,True,True,True
20260528005400113227,(농식품부) 농식품 바우처,1063,YES,True,True,True,True,True,True
20260528005400113227,(농식품부) 농식품 바우처,1064,YES,True,True,True,True,True,True
20260528005400113227,(농식품부) 농식품 바우처,1065,YES,True,True,True,True,True,True
20260528005400113227,(농식품부) 농식품 바우처,1066,YES,True,True,True,True,True,True
20260528005400113227,(농식품부) 농식품 바우처,1067,YES,True,True,True,True,True,True
20260528005400113227,(농식품부) 농식품 바우처,1068,YES,True,True,True,True,True,True
20260528005400113227,(농식품부) 농식품 바우처,1069,YES,True,True,True,True,True,True
20260528005400113227,(농식품부) 농식품 바우처,1070,NO,True,False,True,True,True,True
20260528005400113227,(농식품부) 농식품 바우처,1071,YES,True,True,True,True,True,True
20260528005400113227,(농식품부) 농식품 바우처,1072,YES,True,True,True,True,True,True
20260528005400113227,(농식품부) 농식품 바우처,1073,YES,True,True,True,True,True,True
20260528005400113227,(농식품부) 농식품 바우처,1074,YES,True,True,True,True,True,True
20260528005400113227,(농식품부) 농식품 바우처,1075,YES,True,True,True,True,True,True
20260528005400113227,(농식품부) 농식품 바우처,1076,YES,True,True,True,True,True,True
20260528005400113227,(농식품부) 농식품 바우처,1077,YES,True,True,True,True,True,True
20260528005400113227,(농식품부) 농식품 바우처,1078,YES,True,True,True,True,True,True
20260528005400113227,(농식품부) 농식품 바우처,1079,YES,True,True,True,True,True,True
20260528005400113227,(농식품부) 농식품 바우처,1080,YES,True,True,True,True,True,True
20260528005400113227,(농식품부) 농식품 바우처,1081,YES,True,True,True,True,True,True
20260528005400113227,(농식품부) 농식품 바우처,1082,YES,True,True,True,True,True,True
20260528005400113227,(농식품부) 농식품 바우처,1083,YES,True,True,True,True,True,True
20260528005400113227,(농식품부) 농식품 바우처,1084,YES,True,True,True,True,True,True
20260528005400113227,(농식품부) 농식품 바우처,1085,YES,True,True,True,True,True,True
20260528005400113227,(농식품부) 농식품 바우처,1086,YES,True,True,True,True,True,True
20260528005400113227,(농식품부) 농식품 바우처,1087,YES,True,True,True,True,True,True
20260528005400113227,(농식품부) 농식품 바우처,1088,YES,True,True,True,True,True,True
20260528005400113227,(농식품부) 농식품 바우처,1089,YES,True,True,True,True,True,True
20260528005400113227,(농식품부) 농식품 바우처,1090,YES,True,True,True,True,True,True
20260528005400113227,(농식품부) 농식품 바우처,1091,YES,True,True,True,True,True,True
20260528005400113227,(농식품부) 농식품 바우처,1092,YES,True,True,True,True,True,True
20260528005400113227,(농식품부) 농식품 바우처,1093,YES,True,True,True,True,True,True
20260528005400113227,(농식품부) 농식품 바우처,1094,YES,True,True,True,True,True,True
20260528005400113227,(농식품부) 농식품 바우처,1095,YES,True,True,True,True,True,True
20260528005400113227,(농식품부) 농식품 바우처,1096,YES,True,True,True,True,True,True
20260528005400113227,(농식품부) 농식품 바우처,1097,YES,True,True,True,True,True,True
20260528005400113227,(농식품부) 농식품 바우처,1098,YES,True,True,True,True,True,True
20260528005400113227,(농식품부) 농식품 바우처,1099,YES,True,True,True,True,True,True
20260528005400113227,(농식품부) 농식품 바우처,1100,YES,True,True,True,True,True,True
20260528005400113226,(문체부) 청년예술인 예술활동 적립계좌,1001,YES,True,True,True,True,True,True
20260528005400113226,(문체부) 청년예술인 예술활동 적립계좌,1002,YES,True,True,True,True,True,True
20260528005400113226,(문체부) 청년예술인 예술활동 적립계좌,1003,YES,True,True,True,True,True,True
20260528005400113226,(문체부) 청년예술인 예술활동 적립계좌,1004,YES,True,True,True,True,True,True
20260528005400113226,(문체부) 청년예술인 예술활동 적립계좌,1005,YES,True,True,True,True,True,True
20260528005400113226,(문체부) 청년예술인 예술활동 적립계좌,1006,YES,True,True,True,True,True,True
20260528005400113226,(문체부) 청년예술인 예술활동 적립계좌,1007,YES,True,True,True,True,True,True
20260528005400113226,(문체부) 청년예술인 예술활동 적립계좌,1008,YES,True,True,True,True,True,True
20260528005400113226,(문체부) 청년예술인 예술활동 적립계좌,1009,YES,True,True,True,True,True,True
20260528005400113226,(문체부) 청년예술인 예술활동 적립계좌,1010,YES,True,True,True,True,True,True
20260528005400113226,(문체부) 청년예술인 예술활동 적립계좌,1011,YES,True,True,True,True,True,True
20260528005400113226,(문체부) 청년예술인 예술활동 적립계좌,1012,YES,True,True,True,True,True,True
20260528005400113226,(문체부) 청년예술인 예술활동 적립계좌,1013,YES,True,True,True,True,True,True
20260528005400113226,(문체부) 청년예술인 예술활동 적립계좌,1014,YES,True,True,True,True,True,True
20260528005400113226,(문체부) 청년예술인 예술활동 적립계좌,1015,YES,True,True,True,True,True,True
20260528005400113226,(문체부) 청년예술인 예술활동 적립계좌,1016,YES,True,True,True,True,True,True
20260528005400113226,(문체부) 청년예술인 예술활동 적립계좌,1017,YES,True,True,True,True,True,True
20260528005400113226,(문체부) 청년예술인 예술활동 적립계좌,1018,YES,True,True,True,True,True,True
20260528005400113226,(문체부) 청년예술인 예술활동 적립계좌,1019,YES,True,True,True,True,True,True
20260528005400113226,(문체부) 청년예술인 예술활동 적립계좌,1020,YES,True,True,True,True,True,True
20260528005400113226,(문체부) 청년예술인 예술활동 적립계좌,1021,YES,True,True,True,True,True,True
20260528005400113226,(문체부) 청년예술인 예술활동 적립계좌,1022,YES,True,True,True,True,True,True
20260528005400113226,(문체부) 청년예술인 예술활동 적립계좌,1023,YES,True,True,True,True,True,True
20260528005400113226,(문체부) 청년예술인 예술활동 적립계좌,1024,YES,True,True,True,True,True,True
20260528005400113226,(문체부) 청년예술인 예술활동 적립계좌,1025,YES,True,True,True,True,True,True
20260528005400113226,(문체부) 청년예술인 예술활동 적립계좌,1026,YES,True,True,True,True,True,True
20260528005400113226,(문체부) 청년예술인 예술활동 적립계좌,1027,YES,True,True,True,True,True,True
20260528005400113226,(문체부) 청년예술인 예술활동 적립계좌,1028,YES,True,True,True,True,True,True
20260528005400113226,(문체부) 청년예술인 예술활동 적립계좌,1029,YES,True,True,True,True,True,True
20260528005400113226,(문체부) 청년예술인 예술활동 적립계좌,1030,YES,True,True,True,True,True,True
20260528005400113226,(문체부) 청년예술인 예술활동 적립계좌,1031,YES,True,True,True,True,True,True
20260528005400113226,(문체부) 청년예술인 예술활동 적립계좌,1032,YES,True,True,True,True,True,True
20260528005400113226,(문체부) 청년예술인 예술활동 적립계좌,1033,YES,True,True,True,True,True,True
20260528005400113226,(문체부) 청년예술인 예술활동 적립계좌,1034,YES,True,True,True,True,True,True
20260528005400113226,(문체부) 청년예술인 예술활동 적립계좌,1035,YES,True,True,True,True,True,True
20260528005400113226,(문체부) 청년예술인 예술활동 적립계좌,1036,YES,True,True,True,True,True,True
20260528005400113226,(문체부) 청년예술인 예술활동 적립계좌,1037,YES,True,True,True,True,True,True
20260528005400113226,(문체부) 청년예술인 예술활동 적립계좌,1038,YES,True,True,True,True,True,True
20260528005400113226,(문체부) 청년예술인 예술활동 적립계좌,1039,YES,True,True,True,True,True,True
20260528005400113226,(문체부) 청년예술인 예술활동 적립계좌,1040,YES,True,True,True,True,True,True
20260528005400113226,(문체부) 청년예술인 예술활동 적립계좌,1041,YES,True,True,True,True,True,True
20260528005400113226,(문체부) 청년예술인 예술활동 적립계좌,1042,YES,True,True,True,True,True,True
20260528005400113226,(문체부) 청년예술인 예술활동 적립계좌,1043,YES,True,True,True,True,True,True
20260528005400113226,(문체부) 청년예술인 예술활동 적립계좌,1044,YES,True,True,True,True,True,True
20260528005400113226,(문체부) 청년예술인 예술활동 적립계좌,1045,YES,True,True,True,True,True,True
20260528005400113226,(문체부) 청년예술인 예술활동 적립계좌,1046,YES,True,True,True,True,True,True
20260528005400113226,(문체부) 청년예술인 예술활동 적립계좌,1047,YES,True,True,True,True,True,True
20260528005400113226,(문체부) 청년예술인 예술활동 적립계좌,1048,YES,True,True,True,True,True,True
20260528005400113226,(문체부) 청년예술인 예술활동 적립계좌,1049,YES,True,True,True,True,True,True
20260528005400113226,(문체부) 청년예술인 예술활동 적립계좌,1050,YES,True,True,True,True,True,True
20260528005400113226,(문체부) 청년예술인 예술활동 적립계좌,1051,YES,True,True,True,True,True,True
20260528005400113226,(문체부) 청년예술인 예술활동 적립계좌,1052,YES,True,True,True,True,True,True
20260528005400113226,(문체부) 청년예술인 예술활동 적립계좌,1053,YES,True,True,True,True,True,True
20260528005400113226,(문체부) 청년예술인 예술활동 적립계좌,1054,YES,True,True,True,True,True,True
20260528005400113226,(문체부) 청년예술인 예술활동 적립계좌,1055,YES,True,True,True,True,True,True
20260528005400113226,(문체부) 청년예술인 예술활동 적립계좌,1056,YES,True,True,True,True,True,True
20260528005400113226,(문체부) 청년예술인 예술활동 적립계좌,1057,YES,True,True,True,True,True,True
20260528005400113226,(문체부) 청년예술인 예술활동 적립계좌,1058,YES,True,True,True,True,True,True
20260528005400113226,(문체부) 청년예술인 예술활동 적립계좌,1059,YES,True,True,True,True,True,True
20260528005400113226,(문체부) 청년예술인 예술활동 적립계좌,1060,YES,True,True,True,True,True,True
20260528005400113226,(문체부) 청년예술인 예술활동 적립계좌,1061,YES,True,True,True,True,True,True
20260528005400113226,(문체부) 청년예술인 예술활동 적립계좌,1062,YES,True,True,True,True,True,True
20260528005400113226,(문체부) 청년예술인 예술활동 적립계좌,1063,YES,True,True,True,True,True,True
20260528005400113226,(문체부) 청년예술인 예술활동 적립계좌,1064,YES,True,True,True,True,True,True
20260528005400113226,(문체부) 청년예술인 예술활동 적립계좌,1065,YES,True,True,True,True,True,True
20260528005400113226,(문체부) 청년예술인 예술활동 적립계좌,1066,YES,True,True,True,True,True,True
20260528005400113226,(문체부) 청년예술인 예술활동 적립계좌,1067,YES,True,True,True,True,True,True
20260528005400113226,(문체부) 청년예술인 예술활동 적립계좌,1068,YES,True,True,True,True,True,True
20260528005400113226,(문체부) 청년예술인 예술활동 적립계좌,1069,YES,True,True,True,True,True,True
20260528005400113226,(문체부) 청년예술인 예술활동 적립계좌,1070,YES,True,True,True,True,True,True
20260528005400113226,(문체부) 청년예술인 예술활동 적립계좌,1071,YES,True,True,True,True,True,True
20260528005400113226,(문체부) 청년예술인 예술활동 적립계좌,1072,YES,True,True,True,True,True,True
20260528005400113226,(문체부) 청년예술인 예술활동 적립계좌,1073,YES,True,True,True,True,True,True
20260528005400113226,(문체부) 청년예술인 예술활동 적립계좌,1074,YES,True,True,True,True,True,True
20260528005400113226,(문체부) 청년예술인 예술활동 적립계좌,1075,YES,True,True,True,True,True,True
20260528005400113226,(문체부) 청년예술인 예술활동 적립계좌,1076,YES,True,True,True,True,True,True
20260528005400113226,(문체부) 청년예술인 예술활동 적립계좌,1077,YES,True,True,True,True,True,True
20260528005400113226,(문체부) 청년예술인 예술활동 적립계좌,1078,YES,True,True,True,True,True,True
20260528005400113226,(문체부) 청년예술인 예술활동 적립계좌,1079,YES,True,True,True,True,True,True
20260528005400113226,(문체부) 청년예술인 예술활동 적립계좌,1080,YES,True,True,True,True,True,True
20260528005400113226,(문체부) 청년예술인 예술활동 적립계좌,1081,YES,True,True,True,True,True,True
20260528005400113226,(문체부) 청년예술인 예술활동 적립계좌,1082,YES,True,True,True,True,True,True
20260528005400113226,(문체부) 청년예술인 예술활동 적립계좌,1083,YES,True,True,True,True,True,True
20260528005400113226,(문체부) 청년예술인 예술활동 적립계좌,1084,YES,True,True,True,True,True,True
20260528005400113226,(문체부) 청년예술인 예술활동 적립계좌,1085,YES,True,True,True,True,True,True
20260528005400113226,(문체부) 청년예술인 예술활동 적립계좌,1086,YES,True,True,True,True,True,True
20260528005400113226,(문체부) 청년예술인 예술활동 적립계좌,1087,YES,True,True,True,True,True,True
20260528005400113226,(문체부) 청년예술인 예술활동 적립계좌,1088,YES,True,True,True,True,True,True
20260528005400113226,(문체부) 청년예술인 예술활동 적립계좌,1089,YES,True,True,True,True,True,True
20260528005400113226,(문체부) 청년예술인 예술활동 적립계좌,1090,YES,True,True,True,True,True,True
20260528005400113226,(문체부) 청년예술인 예술활동 적립계좌,1091,YES,True,True,True,True,True,True
20260528005400113226,(문체부) 청년예술인 예술활동 적립계좌,1092,YES,True,True,True,True,True,True
20260528005400113226,(문체부) 청년예술인 예술활동 적립계좌,1093,YES,True,True,True,True,True,True
20260528005400113226,(문체부) 청년예술인 예술활동 적립계좌,1094,YES,True,True,True,True,True,True
20260528005400113226,(문체부) 청년예술인 예술활동 적립계좌,1095,YES,True,True,True,True,True,True
20260528005400113226,(문체부) 청년예술인 예술활동 적립계좌,1096,YES,True,True,True,True,True,True
20260528005400113226,(문체부) 청년예술인 예술활동 적립계좌,1097,YES,True,True,True,True,True,True
20260528005400113226,(문체부) 청년예술인 예술활동 적립계좌,1098,YES,True,True,True,True,True,True
20260528005400113226,(문체부) 청년예술인 예술활동 적립계좌,1099,YES,True,True,True,True,True,True
20260528005400113226,(문체부) 청년예술인 예술활동 적립계좌,1100,YES,True,True,True,True,True,True
20260527005400113224,청년 국가기술자격 응시료 지원 사업,1001,YES,True,True,True,True,True,True
20260527005400113224,청년 국가기술자격 응시료 지원 사업,1002,YES,True,True,True,True,True,True
20260527005400113224,청년 국가기술자격 응시료 지원 사업,1003,YES,True,True,True,True,True,True
20260527005400113224,청년 국가기술자격 응시료 지원 사업,1004,YES,True,True,True,True,True,True
20260527005400113224,청년 국가기술자격 응시료 지원 사업,1005,YES,True,True,True,True,True,True
20260527005400113224,청년 국가기술자격 응시료 지원 사업,1006,YES,True,True,True,True,True,True
20260527005400113224,청년 국가기술자격 응시료 지원 사업,1007,YES,True,True,True,True,True,True
20260527005400113224,청년 국가기술자격 응시료 지원 사업,1008,YES,True,True,True,True,True,True
20260527005400113224,청년 국가기술자격 응시료 지원 사업,1009,YES,True,True,True,True,True,True
20260527005400113224,청년 국가기술자격 응시료 지원 사업,1010,YES,True,True,True,True,True,True
20260527005400113224,청년 국가기술자격 응시료 지원 사업,1011,YES,True,True,True,True,True,True
20260527005400113224,청년 국가기술자격 응시료 지원 사업,1012,YES,True,True,True,True,True,True
20260527005400113224,청년 국가기술자격 응시료 지원 사업,1013,YES,True,True,True,True,True,True
20260527005400113224,청년 국가기술자격 응시료 지원 사업,1014,YES,True,True,True,True,True,True
20260527005400113224,청년 국가기술자격 응시료 지원 사업,1015,YES,True,True,True,True,True,True
20260527005400113224,청년 국가기술자격 응시료 지원 사업,1016,YES,True,True,True,True,True,True
20260527005400113224,청년 국가기술자격 응시료 지원 사업,1017,YES,True,True,True,True,True,True
20260527005400113224,청년 국가기술자격 응시료 지원 사업,1018,YES,True,True,True,True,True,True
20260527005400113224,청년 국가기술자격 응시료 지원 사업,1019,YES,True,True,True,True,True,True
20260527005400113224,청년 국가기술자격 응시료 지원 사업,1020,YES,True,True,True,True,True,True
20260527005400113224,청년 국가기술자격 응시료 지원 사업,1021,YES,True,True,True,True,True,True
20260527005400113224,청년 국가기술자격 응시료 지원 사업,1022,YES,True,True,True,True,True,True
20260527005400113224,청년 국가기술자격 응시료 지원 사업,1023,YES,True,True,True,True,True,True
20260527005400113224,청년 국가기술자격 응시료 지원 사업,1024,YES,True,True,True,True,True,True
20260527005400113224,청년 국가기술자격 응시료 지원 사업,1025,YES,True,True,True,True,True,True
20260527005400113224,청년 국가기술자격 응시료 지원 사업,1026,YES,True,True,True,True,True,True
20260527005400113224,청년 국가기술자격 응시료 지원 사업,1027,YES,True,True,True,True,True,True
20260527005400113224,청년 국가기술자격 응시료 지원 사업,1028,YES,True,True,True,True,True,True
20260527005400113224,청년 국가기술자격 응시료 지원 사업,1029,YES,True,True,True,True,True,True
20260527005400113224,청년 국가기술자격 응시료 지원 사업,1030,YES,True,True,True,True,True,True
20260527005400113224,청년 국가기술자격 응시료 지원 사업,1031,YES,True,True,True,True,True,True
20260527005400113224,청년 국가기술자격 응시료 지원 사업,1032,YES,True,True,True,True,True,True
20260527005400113224,청년 국가기술자격 응시료 지원 사업,1033,YES,True,True,True,True,True,True
20260527005400113224,청년 국가기술자격 응시료 지원 사업,1034,YES,True,True,True,True,True,True
20260527005400113224,청년 국가기술자격 응시료 지원 사업,1035,YES,True,True,True,True,True,True
20260527005400113224,청년 국가기술자격 응시료 지원 사업,1036,YES,True,True,True,True,True,True
20260527005400113224,청년 국가기술자격 응시료 지원 사업,1037,YES,True,True,True,True,True,True
20260527005400113224,청년 국가기술자격 응시료 지원 사업,1038,YES,True,True,True,True,True,True
20260527005400113224,청년 국가기술자격 응시료 지원 사업,1039,YES,True,True,True,True,True,True
20260527005400113224,청년 국가기술자격 응시료 지원 사업,1040,YES,True,True,True,True,True,True
20260527005400113224,청년 국가기술자격 응시료 지원 사업,1041,YES,True,True,True,True,True,True
20260527005400113224,청년 국가기술자격 응시료 지원 사업,1042,YES,True,True,True,True,True,True
20260527005400113224,청년 국가기술자격 응시료 지원 사업,1043,YES,True,True,True,True,True,True
20260527005400113224,청년 국가기술자격 응시료 지원 사업,1044,YES,True,True,True,True,True,True
20260527005400113224,청년 국가기술자격 응시료 지원 사업,1045,YES,True,True,True,True,True,True
20260527005400113224,청년 국가기술자격 응시료 지원 사업,1046,YES,True,True,True,True,True,True
20260527005400113224,청년 국가기술자격 응시료 지원 사업,1047,YES,True,True,True,True,True,True
20260527005400113224,청년 국가기술자격 응시료 지원 사업,1048,YES,True,True,True,True,True,True
20260527005400113224,청년 국가기술자격 응시료 지원 사업,1049,YES,True,True,True,True,True,True
20260527005400113224,청년 국가기술자격 응시료 지원 사업,1050,YES,True,True,True,True,True,True
20260527005400113224,청년 국가기술자격 응시료 지원 사업,1051,YES,True,True,True,True,True,True
20260527005400113224,청년 국가기술자격 응시료 지원 사업,1052,YES,True,True,True,True,True,True
20260527005400113224,청년 국가기술자격 응시료 지원 사업,1053,YES,True,True,True,True,True,True
20260527005400113224,청년 국가기술자격 응시료 지원 사업,1054,YES,True,True,True,True,True,True
20260527005400113224,청년 국가기술자격 응시료 지원 사업,1055,YES,True,True,True,True,True,True
20260527005400113224,청년 국가기술자격 응시료 지원 사업,1056,YES,True,True,True,True,True,True
20260527005400113224,청년 국가기술자격 응시료 지원 사업,1057,YES,True,True,True,True,True,True
20260527005400113224,청년 국가기술자격 응시료 지원 사업,1058,YES,True,True,True,True,True,True
20260527005400113224,청년 국가기술자격 응시료 지원 사업,1059,YES,True,True,True,True,True,True
20260527005400113224,청년 국가기술자격 응시료 지원 사업,1060,YES,True,True,True,True,True,True
20260527005400113224,청년 국가기술자격 응시료 지원 사업,1061,YES,True,True,True,True,True,True
20260527005400113224,청년 국가기술자격 응시료 지원 사업,1062,YES,True,True,True,True,True,True
20260527005400113224,청년 국가기술자격 응시료 지원 사업,1063,YES,True,True,True,True,True,True
20260527005400113224,청년 국가기술자격 응시료 지원 사업,1064,YES,True,True,True,True,True,True
20260527005400113224,청년 국가기술자격 응시료 지원 사업,1065,YES,True,True,True,True,True,True
20260527005400113224,청년 국가기술자격 응시료 지원 사업,1066,YES,True,True,True,True,True,True
20260527005400113224,청년 국가기술자격 응시료 지원 사업,1067,YES,True,True,True,True,True,True
20260527005400113224,청년 국가기술자격 응시료 지원 사업,1068,YES,True,True,True,True,True,True
20260527005400113224,청년 국가기술자격 응시료 지원 사업,1069,YES,True,True,True,True,True,True
20260527005400113224,청년 국가기술자격 응시료 지원 사업,1070,YES,True,True,True,True,True,True
20260527005400113224,청년 국가기술자격 응시료 지원 사업,1071,YES,True,True,True,True,True,True
20260527005400113224,청년 국가기술자격 응시료 지원 사업,1072,YES,True,True,True,True,True,True
20260527005400113224,청년 국가기술자격 응시료 지원 사업,1073,YES,True,True,True,True,True,True
20260527005400113224,청년 국가기술자격 응시료 지원 사업,1074,YES,True,True,True,True,True,True
20260527005400113224,청년 국가기술자격 응시료 지원 사업,1075,YES,True,True,True,True,True,True
20260527005400113224,청년 국가기술자격 응시료 지원 사업,1076,YES,True,True,True,True,True,True
20260527005400113224,청년 국가기술자격 응시료 지원 사업,1077,YES,True,True,True,True,True,True
20260527005400113224,청년 국가기술자격 응시료 지원 사업,1078,YES,True,True,True,True,True,True
20260527005400113224,청년 국가기술자격 응시료 지원 사업,1079,YES,True,True,True,True,True,True
20260527005400113224,청년 국가기술자격 응시료 지원 사업,1080,YES,True,True,True,True,True,True
20260527005400113224,청년 국가기술자격 응시료 지원 사업,1081,YES,True,True,True,True,True,True
20260527005400113224,청년 국가기술자격 응시료 지원 사업,1082,YES,True,True,True,True,True,True
20260527005400113224,청년 국가기술자격 응시료 지원 사업,1083,YES,True,True,True,True,True,True
20260527005400113224,청년 국가기술자격 응시료 지원 사업,1084,YES,True,True,True,True,True,True
20260527005400113224,청년 국가기술자격 응시료 지원 사업,1085,YES,True,True,True,True,True,True
20260527005400113224,청년 국가기술자격 응시료 지원 사업,1086,YES,True,True,True,True,True,True
20260527005400113224,청년 국가기술자격 응시료 지원 사업,1087,YES,True,True,True,True,True,True
20260527005400113224,청년 국가기술자격 응시료 지원 사업,1088,YES,True,True,True,True,True,True
20260527005400113224,청년 국가기술자격 응시료 지원 사업,1089,YES,True,True,True,True,True,True
20260527005400113224,청년 국가기술자격 응시료 지원 사업,1090,YES,True,True,True,True,True,True
20260527005400113224,청년 국가기술자격 응시료 지원 사업,1091,YES,True,True,True,True,True,True
20260527005400113224,청년 국가기술자격 응시료 지원 사업,1092,YES,True,True,True,True,True,True
20260527005400113224,청년 국가기술자격 응시료 지원 사업,1093,YES,True,True,True,True,True,True
20260527005400113224,청년 국가기술자격 응시료 지원 사업,1094,YES,True,True,True,True,True,True
20260527005400113224,청년 국가기술자격 응시료 지원 사업,1095,YES,True,True,True,True,True,True
20260527005400113224,청년 국가기술자격 응시료 지원 사업,1096,YES,True,True,True,True,True,True
20260527005400113224,청년 국가기술자격 응시료 지원 사업,1097,YES,True,True,True,True,True,True
20260527005400113224,청년 국가기술자격 응시료 지원 사업,1098,YES,True,True,True,True,True,True
20260527005400113224,청년 국가기술자격 응시료 지원 사업,1099,YES,True,True,True,True,True,True
20260527005400113224,청년 국가기술자격 응시료 지원 사업,1100,YES,True,True,True,True,True,True
20260527005400113223,전세보증금반환보증 보증료 지원,1001,YES,True,True,True,True,True,True
20260527005400113223,전세보증금반환보증 보증료 지원,1002,YES,True,True,True,True,True,True
20260527005400113223,전세보증금반환보증 보증료 지원,1003,YES,True,True,True,True,True,True
20260527005400113223,전세보증금반환보증 보증료 지원,1004,YES,True,True,True,True,True,True
20260527005400113223,전세보증금반환보증 보증료 지원,1005,YES,True,True,True,True,True,True
20260527005400113223,전세보증금반환보증 보증료 지원,1006,YES,True,True,True,True,True,True
20260527005400113223,전세보증금반환보증 보증료 지원,1007,YES,True,True,True,True,True,True
20260527005400113223,전세보증금반환보증 보증료 지원,1008,YES,True,True,True,True,True,True
20260527005400113223,전세보증금반환보증 보증료 지원,1009,YES,True,True,True,True,True,True
20260527005400113223,전세보증금반환보증 보증료 지원,1010,YES,True,True,True,True,True,True
20260527005400113223,전세보증금반환보증 보증료 지원,1011,YES,True,True,True,True,True,True
20260527005400113223,전세보증금반환보증 보증료 지원,1012,YES,True,True,True,True,True,True
20260527005400113223,전세보증금반환보증 보증료 지원,1013,YES,True,True,True,True,True,True
20260527005400113223,전세보증금반환보증 보증료 지원,1014,YES,True,True,True,True,True,True
20260527005400113223,전세보증금반환보증 보증료 지원,1015,YES,True,True,True,True,True,True
20260527005400113223,전세보증금반환보증 보증료 지원,1016,YES,True,True,True,True,True,True
20260527005400113223,전세보증금반환보증 보증료 지원,1017,YES,True,True,True,True,True,True
20260527005400113223,전세보증금반환보증 보증료 지원,1018,YES,True,True,True,True,True,True
20260527005400113223,전세보증금반환보증 보증료 지원,1019,YES,True,True,True,True,True,True
20260527005400113223,전세보증금반환보증 보증료 지원,1020,YES,True,True,True,True,True,True
20260527005400113223,전세보증금반환보증 보증료 지원,1021,YES,True,True,True,True,True,True
20260527005400113223,전세보증금반환보증 보증료 지원,1022,YES,True,True,True,True,True,True
20260527005400113223,전세보증금반환보증 보증료 지원,1023,YES,True,True,True,True,True,True
20260527005400113223,전세보증금반환보증 보증료 지원,1024,YES,True,True,True,True,True,True
20260527005400113223,전세보증금반환보증 보증료 지원,1025,YES,True,True,True,True,True,True
20260527005400113223,전세보증금반환보증 보증료 지원,1026,YES,True,True,True,True,True,True
20260527005400113223,전세보증금반환보증 보증료 지원,1027,YES,True,True,True,True,True,True
20260527005400113223,전세보증금반환보증 보증료 지원,1028,YES,True,True,True,True,True,True
20260527005400113223,전세보증금반환보증 보증료 지원,1029,YES,True,True,True,True,True,True
20260527005400113223,전세보증금반환보증 보증료 지원,1030,YES,True,True,True,True,True,True
20260527005400113223,전세보증금반환보증 보증료 지원,1031,YES,True,True,True,True,True,True
20260527005400113223,전세보증금반환보증 보증료 지원,1032,YES,True,True,True,True,True,True
20260527005400113223,전세보증금반환보증 보증료 지원,1033,YES,True,True,True,True,True,True
20260527005400113223,전세보증금반환보증 보증료 지원,1034,YES,True,True,True,True,True,True
20260527005400113223,전세보증금반환보증 보증료 지원,1035,YES,True,True,True,True,True,True
20260527005400113223,전세보증금반환보증 보증료 지원,1036,YES,True,True,True,True,True,True
20260527005400113223,전세보증금반환보증 보증료 지원,1037,YES,True,True,True,True,True,True
20260527005400113223,전세보증금반환보증 보증료 지원,1038,YES,True,True,True,True,True,True
20260527005400113223,전세보증금반환보증 보증료 지원,1039,YES,True,True,True,True,True,True
20260527005400113223,전세보증금반환보증 보증료 지원,1040,YES,True,True,True,True,True,True
20260527005400113223,전세보증금반환보증 보증료 지원,1041,YES,True,True,True,True,True,True
20260527005400113223,전세보증금반환보증 보증료 지원,1042,YES,True,True,True,True,True,True
20260527005400113223,전세보증금반환보증 보증료 지원,1043,YES,True,True,True,True,True,True
20260527005400113223,전세보증금반환보증 보증료 지원,1044,YES,True,True,True,True,True,True
20260527005400113223,전세보증금반환보증 보증료 지원,1045,YES,True,True,True,True,True,True
20260527005400113223,전세보증금반환보증 보증료 지원,1046,YES,True,True,True,True,True,True
20260527005400113223,전세보증금반환보증 보증료 지원,1047,YES,True,True,True,True,True,True
20260527005400113223,전세보증금반환보증 보증료 지원,1048,YES,True,True,True,True,True,True
20260527005400113223,전세보증금반환보증 보증료 지원,1049,YES,True,True,True,True,True,True
20260527005400113223,전세보증금반환보증 보증료 지원,1050,YES,True,True,True,True,True,True
20260527005400113223,전세보증금반환보증 보증료 지원,1051,YES,True,True,True,True,True,True
20260527005400113223,전세보증금반환보증 보증료 지원,1052,YES,True,True,True,True,True,True
20260527005400113223,전세보증금반환보증 보증료 지원,1053,YES,True,True,True,True,True,True
20260527005400113223,전세보증금반환보증 보증료 지원,1054,YES,True,True,True,True,True,True
20260527005400113223,전세보증금반환보증 보증료 지원,1055,YES,True,True,True,True,True,True
20260527005400113223,전세보증금반환보증 보증료 지원,1056,YES,True,True,True,True,True,True
20260527005400113223,전세보증금반환보증 보증료 지원,1057,YES,True,True,True,True,True,True
20260527005400113223,전세보증금반환보증 보증료 지원,1058,YES,True,True,True,True,True,True
20260527005400113223,전세보증금반환보증 보증료 지원,1059,YES,True,True,True,True,True,True
20260527005400113223,전세보증금반환보증 보증료 지원,1060,YES,True,True,True,True,True,True
20260527005400113223,전세보증금반환보증 보증료 지원,1061,YES,True,True,True,True,True,True
20260527005400113223,전세보증금반환보증 보증료 지원,1062,YES,True,True,True,True,True,True
20260527005400113223,전세보증금반환보증 보증료 지원,1063,YES,True,True,True,True,True,True
20260527005400113223,전세보증금반환보증 보증료 지원,1064,YES,True,True,True,True,True,True
20260527005400113223,전세보증금반환보증 보증료 지원,1065,YES,True,True,True,True,True,True
20260527005400113223,전세보증금반환보증 보증료 지원,1066,YES,True,True,True,True,True,True
20260527005400113223,전세보증금반환보증 보증료 지원,1067,YES,True,True,True,True,True,True
20260527005400113223,전세보증금반환보증 보증료 지원,1068,YES,True,True,True,True,True,True
20260527005400113223,전세보증금반환보증 보증료 지원,1069,YES,True,True,True,True,True,True
20260527005400113223,전세보증금반환보증 보증료 지원,1070,YES,True,True,True,True,True,True
20260527005400113223,전세보증금반환보증 보증료 지원,1071,YES,True,True,True,True,True,True
20260527005400113223,전세보증금반환보증 보증료 지원,1072,YES,True,True,True,True,True,True
20260527005400113223,전세보증금반환보증 보증료 지원,1073,YES,True,True,True,True,True,True
20260527005400113223,전세보증금반환보증 보증료 지원,1074,YES,True,True,True,True,True,True
20260527005400113223,전세보증금반환보증 보증료 지원,1075,YES,True,True,True,True,True,True
20260527005400113223,전세보증금반환보증 보증료 지원,1076,YES,True,True,True,True,True,True
20260527005400113223,전세보증금반환보증 보증료 지원,1077,YES,True,True,True,True,True,True
20260527005400113223,전세보증금반환보증 보증료 지원,1078,YES,True,True,True,True,True,True
20260527005400113223,전세보증금반환보증 보증료 지원,1079,YES,True,True,True,True,True,True
20260527005400113223,전세보증금반환보증 보증료 지원,1080,YES,True,True,True,True,True,True
20260527005400113223,전세보증금반환보증 보증료 지원,1081,YES,True,True,True,True,True,True
20260527005400113223,전세보증금반환보증 보증료 지원,1082,YES,True,True,True,True,True,True
20260527005400113223,전세보증금반환보증 보증료 지원,1083,YES,True,True,True,True,True,True
20260527005400113223,전세보증금반환보증 보증료 지원,1084,YES,True,True,True,True,True,True
20260527005400113223,전세보증금반환보증 보증료 지원,1085,YES,True,True,True,True,True,True
20260527005400113223,전세보증금반환보증 보증료 지원,1086,YES,True,True,True,True,True,True
20260527005400113223,전세보증금반환보증 보증료 지원,1087,YES,True,True,True,True,True,True
20260527005400113223,전세보증금반환보증 보증료 지원,1088,YES,True,True,True,True,True,True
20260527005400113223,전세보증금반환보증 보증료 지원,1089,YES,True,True,True,True,True,True
20260527005400113223,전세보증금반환보증 보증료 지원,1090,YES,True,True,True,True,True,True
20260527005400113223,전세보증금반환보증 보증료 지원,1091,YES,True,True,True,True,True,True
20260527005400113223,전세보증금반환보증 보증료 지원,1092,YES,True,True,True,True,True,True
20260527005400113223,전세보증금반환보증 보증료 지원,1093,YES,True,True,True,True,True,True
20260527005400113223,전세보증금반환보증 보증료 지원,1094,YES,True,True,True,True,True,True
20260527005400113223,전세보증금반환보증 보증료 지원,1095,YES,True,True,True,True,True,True
20260527005400113223,전세보증금반환보증 보증료 지원,1096,YES,True,True,True,True,True,True
20260527005400113223,전세보증금반환보증 보증료 지원,1097,YES,True,True,True,True,True,True
20260527005400113223,전세보증금반환보증 보증료 지원,1098,YES,True,True,True,True,True,True
20260527005400113223,전세보증금반환보증 보증료 지원,1099,YES,True,True,True,True,True,True
20260527005400113223,전세보증금반환보증 보증료 지원,1100,YES,True,True,True,True,True,True
20260527005400213222,2026년 청년근로자 교통비 지원사업,1001,NO,True,False,True,True,True,False
20260527005400213222,2026년 청년근로자 교통비 지원사업,1002,NO,True,False,True,True,True,False
20260527005400213222,2026년 청년근로자 교통비 지원사업,1003,NO,True,False,True,True,True,False
20260527005400213222,2026년 청년근로자 교통비 지원사업,1004,NO,True,False,True,True,True,False
20260527005400213222,2026년 청년근로자 교통비 지원사업,1005,NO,True,False,True,True,True,False
20260527005400213222,2026년 청년근로자 교통비 지원사업,1006,NO,True,False,True,True,True,False
20260527005400213222,2026년 청년근로자 교통비 지원사업,1007,NO,True,False,True,True,True,False
20260527005400213222,2026년 청년근로자 교통비 지원사업,1008,NO,True,False,True,True,True,False
20260527005400213222,2026년 청년근로자 교통비 지원사업,1009,NO,True,False,True,True,True,False
20260527005400213222,2026년 청년근로자 교통비 지원사업,1010,NO,True,False,True,True,True,False
20260527005400213222,2026년 청년근로자 교통비 지원사업,1011,NO,True,False,True,True,True,False
20260527005400213222,2026년 청년근로자 교통비 지원사업,1012,NO,True,False,True,True,True,True
20260527005400213222,2026년 청년근로자 교통비 지원사업,1013,NO,True,False,True,True,True,False
20260527005400213222,2026년 청년근로자 교통비 지원사업,1014,NO,True,False,True,True,True,False
20260527005400213222,2026년 청년근로자 교통비 지원사업,1015,NO,True,False,True,True,True,False
20260527005400213222,2026년 청년근로자 교통비 지원사업,1016,NO,True,False,True,True,True,False
20260527005400213222,2026년 청년근로자 교통비 지원사업,1017,NO,True,False,True,True,True,False
20260527005400213222,2026년 청년근로자 교통비 지원사업,1018,NO,True,False,True,True,True,False
20260527005400213222,2026년 청년근로자 교통비 지원사업,1019,NO,True,False,True,True,True,False
20260527005400213222,2026년 청년근로자 교통비 지원사업,1020,NO,True,False,True,True,True,False
20260527005400213222,2026년 청년근로자 교통비 지원사업,1021,NO,True,False,True,True,True,False
20260527005400213222,2026년 청년근로자 교통비 지원사업,1022,NO,True,False,True,True,True,True
20260527005400213222,2026년 청년근로자 교통비 지원사업,1023,NO,True,False,True,True,True,False
20260527005400213222,2026년 청년근로자 교통비 지원사업,1024,NO,True,False,True,True,True,False
20260527005400213222,2026년 청년근로자 교통비 지원사업,1025,NO,True,False,True,True,True,False
20260527005400213222,2026년 청년근로자 교통비 지원사업,1026,NO,True,False,True,True,True,False
20260527005400213222,2026년 청년근로자 교통비 지원사업,1027,NO,True,False,True,True,True,False
20260527005400213222,2026년 청년근로자 교통비 지원사업,1028,NO,True,False,True,True,True,False
20260527005400213222,2026년 청년근로자 교통비 지원사업,1029,NO,True,False,True,True,True,False
20260527005400213222,2026년 청년근로자 교통비 지원사업,1030,NO,True,False,True,True,True,False
20260527005400213222,2026년 청년근로자 교통비 지원사업,1031,NO,True,False,True,True,True,False
20260527005400213222,2026년 청년근로자 교통비 지원사업,1032,NO,True,False,True,True,True,False
20260527005400213222,2026년 청년근로자 교통비 지원사업,1033,NO,True,False,True,True,True,False
20260527005400213222,2026년 청년근로자 교통비 지원사업,1034,NO,True,False,True,True,True,False
20260527005400213222,2026년 청년근로자 교통비 지원사업,1035,NO,True,False,True,True,True,False
20260527005400213222,2026년 청년근로자 교통비 지원사업,1036,NO,True,False,True,True,True,False
20260527005400213222,2026년 청년근로자 교통비 지원사업,1037,NO,True,False,True,True,True,False
20260527005400213222,2026년 청년근로자 교통비 지원사업,1038,NO,True,False,True,True,True,False
20260527005400213222,2026년 청년근로자 교통비 지원사업,1039,NO,True,False,True,True,True,False
20260527005400213222,2026년 청년근로자 교통비 지원사업,1040,NO,True,False,True,True,True,False
20260527005400213222,2026년 청년근로자 교통비 지원사업,1041,NO,True,False,True,True,True,True
20260527005400213222,2026년 청년근로자 교통비 지원사업,1042,NO,True,False,True,True,True,True
20260527005400213222,2026년 청년근로자 교통비 지원사업,1043,NO,True,False,True,True,True,True
20260527005400213222,2026년 청년근로자 교통비 지원사업,1044,NO,True,False,True,True,True,True
20260527005400213222,2026년 청년근로자 교통비 지원사업,1045,NO,True,False,True,True,True,True
20260527005400213222,2026년 청년근로자 교통비 지원사업,1046,NO,True,False,True,True,True,True
20260527005400213222,2026년 청년근로자 교통비 지원사업,1047,NO,True,False,True,True,True,True
20260527005400213222,2026년 청년근로자 교통비 지원사업,1048,NO,True,False,True,True,True,True
20260527005400213222,2026년 청년근로자 교통비 지원사업,1049,NO,True,False,True,True,True,True
20260527005400213222,2026년 청년근로자 교통비 지원사업,1050,NO,True,False,True,True,True,True
20260527005400213222,2026년 청년근로자 교통비 지원사업,1051,NO,True,False,True,True,True,True
20260527005400213222,2026년 청년근로자 교통비 지원사업,1052,NO,True,False,True,True,True,True
20260527005400213222,2026년 청년근로자 교통비 지원사업,1053,NO,True,False,True,True,True,True
20260527005400213222,2026년 청년근로자 교통비 지원사업,1054,NO,True,False,True,True,True,True
20260527005400213222,2026년 청년근로자 교통비 지원사업,1055,NO,True,False,True,True,True,True
20260527005400213222,2026년 청년근로자 교통비 지원사업,1056,NO,True,False,True,True,True,True
20260527005400213222,2026년 청년근로자 교통비 지원사업,1057,NO,True,False,True,True,True,True
20260527005400213222,2026년 청년근로자 교통비 지원사업,1058,NO,True,False,True,True,True,True
20260527005400213222,2026년 청년근로자 교통비 지원사업,1059,NO,True,False,True,True,True,True
20260527005400213222,2026년 청년근로자 교통비 지원사업,1060,NO,True,False,True,True,True,True
20260527005400213222,2026년 청년근로자 교통비 지원사업,1061,NO,True,False,True,True,True,False
20260527005400213222,2026년 청년근로자 교통비 지원사업,1062,NO,True,False,True,True,True,False
20260527005400213222,2026년 청년근로자 교통비 지원사업,1063,NO,True,True,True,True,True,False
20260527005400213222,2026년 청년근로자 교통비 지원사업,1064,NO,True,False,True,True,True,False
20260527005400213222,2026년 청년근로자 교통비 지원사업,1065,NO,True,False,True,True,True,False
20260527005400213222,2026년 청년근로자 교통비 지원사업,1066,NO,True,False,True,True,True,False
20260527005400213222,2026년 청년근로자 교통비 지원사업,1067,NO,True,True,True,True,True,False
20260527005400213222,2026년 청년근로자 교통비 지원사업,1068,NO,True,False,True,True,True,False
20260527005400213222,2026년 청년근로자 교통비 지원사업,1069,NO,True,False,True,True,True,False
20260527005400213222,2026년 청년근로자 교통비 지원사업,1070,NO,True,False,True,True,True,False
20260527005400213222,2026년 청년근로자 교통비 지원사업,1071,NO,True,False,True,True,True,False
20260527005400213222,2026년 청년근로자 교통비 지원사업,1072,NO,True,False,True,True,True,False
20260527005400213222,2026년 청년근로자 교통비 지원사업,1073,NO,True,True,True,True,True,False
20260527005400213222,2026년 청년근로자 교통비 지원사업,1074,NO,True,False,True,True,True,False
20260527005400213222,2026년 청년근로자 교통비 지원사업,1075,NO,True,True,True,True,True,False
20260527005400213222,2026년 청년근로자 교통비 지원사업,1076,NO,True,False,True,True,True,False
20260527005400213222,2026년 청년근로자 교통비 지원사업,1077,NO,True,False,True,True,True,False
20260527005400213222,2026년 청년근로자 교통비 지원사업,1078,NO,True,False,True,True,True,False
20260527005400213222,2026년 청년근로자 교통비 지원사업,1079,NO,True,False,True,True,True,False
20260527005400213222,2026년 청년근로자 교통비 지원사업,1080,NO,True,False,True,True,True,False
20260527005400213222,2026년 청년근로자 교통비 지원사업,1081,NO,True,False,True,True,True,False
20260527005400213222,2026년 청년근로자 교통비 지원사업,1082,NO,True,False,True,True,True,True
20260527005400213222,2026년 청년근로자 교통비 지원사업,1083,NO,True,False,True,True,True,True
20260527005400213222,2026년 청년근로자 교통비 지원사업,1084,NO,True,False,True,True,True,False
20260527005400213222,2026년 청년근로자 교통비 지원사업,1085,NO,True,False,True,True,True,False
20260527005400213222,2026년 청년근로자 교통비 지원사업,1086,NO,True,False,True,True,True,False
20260527005400213222,2026년 청년근로자 교통비 지원사업,1087,NO,True,False,True,True,True,False
20260527005400213222,2026년 청년근로자 교통비 지원사업,1088,NO,True,False,True,True,True,False
20260527005400213222,2026년 청년근로자 교통비 지원사업,1089,NO,True,False,True,True,True,True
20260527005400213222,2026년 청년근로자 교통비 지원사업,1090,NO,True,False,True,True,True,False
20260527005400213222,2026년 청년근로자 교통비 지원사업,1091,NO,True,False,True,True,True,False
20260527005400213222,2026년 청년근로자 교통비 지원사업,1092,NO,True,False,True,True,True,True
20260527005400213222,2026년 청년근로자 교통비 지원사업,1093,NO,True,False,True,True,True,False
20260527005400213222,2026년 청년근로자 교통비 지원사업,1094,NO,True,False,True,True,True,True
20260527005400213222,2026년 청년근로자 교통비 지원사업,1095,NO,True,False,True,True,True,False
20260527005400213222,2026년 청년근로자 교통비 지원사업,1096,NO,True,False,True,True,True,False
20260527005400213222,2026년 청년근로자 교통비 지원사업,1097,NO,True,False,True,True,True,False
20260527005400213222,2026년 청년근로자 교통비 지원사업,1098,NO,True,False,True,True,True,True
20260527005400213222,2026년 청년근로자 교통비 지원사업,1099,NO,True,False,True,True,True,False
20260527005400213222,2026년 청년근로자 교통비 지원사업,1100,NO,True,False,True,True,True,False
20260527005400213221,2026년 청년창업자 임차료 지원사업,1001,NO,True,False,True,True,True,False
20260527005400213221,2026년 청년창업자 임차료 지원사업,1002,NO,True,False,True,True,True,False
20260527005400213221,2026년 청년창업자 임차료 지원사업,1003,NO,True,False,True,True,True,False
20260527005400213221,2026년 청년창업자 임차료 지원사업,1004,NO,True,False,True,True,True,False
20260527005400213221,2026년 청년창업자 임차료 지원사업,1005,NO,True,False,True,True,True,False
20260527005400213221,2026년 청년창업자 임차료 지원사업,1006,NO,True,False,True,True,True,False
20260527005400213221,2026년 청년창업자 임차료 지원사업,1007,NO,True,False,True,True,True,False
20260527005400213221,2026년 청년창업자 임차료 지원사업,1008,NO,True,False,True,True,True,False
20260527005400213221,2026년 청년창업자 임차료 지원사업,1009,NO,True,False,True,True,True,False
20260527005400213221,2026년 청년창업자 임차료 지원사업,1010,NO,True,False,True,True,True,False
20260527005400213221,2026년 청년창업자 임차료 지원사업,1011,NO,True,False,True,True,True,False
20260527005400213221,2026년 청년창업자 임차료 지원사업,1012,NO,True,False,True,True,True,False
20260527005400213221,2026년 청년창업자 임차료 지원사업,1013,NO,True,False,True,True,True,False
20260527005400213221,2026년 청년창업자 임차료 지원사업,1014,NO,True,False,True,True,True,False
20260527005400213221,2026년 청년창업자 임차료 지원사업,1015,NO,True,False,True,True,True,False
20260527005400213221,2026년 청년창업자 임차료 지원사업,1016,NO,True,False,True,True,True,False
20260527005400213221,2026년 청년창업자 임차료 지원사업,1017,NO,True,False,True,True,True,False
20260527005400213221,2026년 청년창업자 임차료 지원사업,1018,NO,True,False,True,True,True,False
20260527005400213221,2026년 청년창업자 임차료 지원사업,1019,NO,True,False,True,True,True,False
20260527005400213221,2026년 청년창업자 임차료 지원사업,1020,NO,True,False,True,True,True,False
20260527005400213221,2026년 청년창업자 임차료 지원사업,1021,NO,True,False,True,True,True,False
20260527005400213221,2026년 청년창업자 임차료 지원사업,1022,NO,True,False,True,True,True,False
20260527005400213221,2026년 청년창업자 임차료 지원사업,1023,NO,True,False,True,True,True,False
20260527005400213221,2026년 청년창업자 임차료 지원사업,1024,NO,True,False,True,True,True,False
20260527005400213221,2026년 청년창업자 임차료 지원사업,1025,NO,True,False,True,True,True,False
20260527005400213221,2026년 청년창업자 임차료 지원사업,1026,NO,True,False,True,True,True,False
20260527005400213221,2026년 청년창업자 임차료 지원사업,1027,NO,True,False,True,True,True,False
20260527005400213221,2026년 청년창업자 임차료 지원사업,1028,NO,True,False,True,True,True,False
20260527005400213221,2026년 청년창업자 임차료 지원사업,1029,NO,True,False,True,True,True,False
20260527005400213221,2026년 청년창업자 임차료 지원사업,1030,NO,True,False,True,True,True,False
20260527005400213221,2026년 청년창업자 임차료 지원사업,1031,NO,True,False,True,True,True,False
20260527005400213221,2026년 청년창업자 임차료 지원사업,1032,NO,True,False,True,True,True,False
20260527005400213221,2026년 청년창업자 임차료 지원사업,1033,NO,True,False,True,True,True,False
20260527005400213221,2026년 청년창업자 임차료 지원사업,1034,NO,True,False,True,True,True,False
20260527005400213221,2026년 청년창업자 임차료 지원사업,1035,NO,True,False,True,True,True,False
20260527005400213221,2026년 청년창업자 임차료 지원사업,1036,NO,True,False,True,True,True,False
20260527005400213221,2026년 청년창업자 임차료 지원사업,1037,NO,True,False,True,True,True,False
20260527005400213221,2026년 청년창업자 임차료 지원사업,1038,NO,True,False,True,True,True,False
20260527005400213221,2026년 청년창업자 임차료 지원사업,1039,NO,True,False,True,True,True,False
20260527005400213221,2026년 청년창업자 임차료 지원사업,1040,NO,True,False,True,True,True,False
20260527005400213221,2026년 청년창업자 임차료 지원사업,1041,NO,True,False,True,True,True,False
20260527005400213221,2026년 청년창업자 임차료 지원사업,1042,NO,True,False,True,True,True,False
20260527005400213221,2026년 청년창업자 임차료 지원사업,1043,NO,True,False,True,True,True,False
20260527005400213221,2026년 청년창업자 임차료 지원사업,1044,NO,True,False,True,True,True,False
20260527005400213221,2026년 청년창업자 임차료 지원사업,1045,NO,True,False,True,True,True,False
20260527005400213221,2026년 청년창업자 임차료 지원사업,1046,NO,True,False,True,True,True,False
20260527005400213221,2026년 청년창업자 임차료 지원사업,1047,NO,True,False,True,True,True,False
20260527005400213221,2026년 청년창업자 임차료 지원사업,1048,NO,True,False,True,True,True,False
20260527005400213221,2026년 청년창업자 임차료 지원사업,1049,NO,True,False,True,True,True,False
20260527005400213221,2026년 청년창업자 임차료 지원사업,1050,NO,True,False,True,True,True,False
20260527005400213221,2026년 청년창업자 임차료 지원사업,1051,NO,True,False,True,True,True,False
20260527005400213221,2026년 청년창업자 임차료 지원사업,1052,NO,True,False,True,True,True,False
20260527005400213221,2026년 청년창업자 임차료 지원사업,1053,NO,True,False,True,True,True,False
20260527005400213221,2026년 청년창업자 임차료 지원사업,1054,NO,True,False,True,True,True,False
20260527005400213221,2026년 청년창업자 임차료 지원사업,1055,NO,True,False,True,True,True,False
20260527005400213221,2026년 청년창업자 임차료 지원사업,1056,NO,True,False,True,True,True,False
20260527005400213221,2026년 청년창업자 임차료 지원사업,1057,NO,True,False,True,True,True,False
20260527005400213221,2026년 청년창업자 임차료 지원사업,1058,NO,True,False,True,True,True,False
20260527005400213221,2026년 청년창업자 임차료 지원사업,1059,NO,True,False,True,True,True,False
20260527005400213221,2026년 청년창업자 임차료 지원사업,1060,NO,True,False,True,True,True,False
20260527005400213221,2026년 청년창업자 임차료 지원사업,1061,NO,True,False,True,True,True,False
20260527005400213221,2026년 청년창업자 임차료 지원사업,1062,NO,True,False,True,True,True,False
20260527005400213221,2026년 청년창업자 임차료 지원사업,1063,NO,True,True,True,True,True,False
20260527005400213221,2026년 청년창업자 임차료 지원사업,1064,NO,True,False,True,True,True,False
20260527005400213221,2026년 청년창업자 임차료 지원사업,1065,NO,True,False,True,True,True,False
20260527005400213221,2026년 청년창업자 임차료 지원사업,1066,NO,True,False,True,True,True,False
20260527005400213221,2026년 청년창업자 임차료 지원사업,1067,NO,True,True,True,True,True,False
20260527005400213221,2026년 청년창업자 임차료 지원사업,1068,NO,True,False,True,True,True,False
20260527005400213221,2026년 청년창업자 임차료 지원사업,1069,NO,True,False,True,True,True,False
20260527005400213221,2026년 청년창업자 임차료 지원사업,1070,NO,True,False,True,True,True,False
20260527005400213221,2026년 청년창업자 임차료 지원사업,1071,NO,True,False,True,True,True,False
20260527005400213221,2026년 청년창업자 임차료 지원사업,1072,NO,True,False,True,True,True,False
20260527005400213221,2026년 청년창업자 임차료 지원사업,1073,NO,True,True,True,True,True,False
20260527005400213221,2026년 청년창업자 임차료 지원사업,1074,NO,True,False,True,True,True,False
20260527005400213221,2026년 청년창업자 임차료 지원사업,1075,NO,True,True,True,True,True,False
20260527005400213221,2026년 청년창업자 임차료 지원사업,1076,NO,True,False,True,True,True,False
20260527005400213221,2026년 청년창업자 임차료 지원사업,1077,NO,True,False,True,True,True,False
20260527005400213221,2026년 청년창업자 임차료 지원사업,1078,NO,True,False,True,True,True,False
20260527005400213221,2026년 청년창업자 임차료 지원사업,1079,NO,True,False,True,True,True,False
20260527005400213221,2026년 청년창업자 임차료 지원사업,1080,NO,True,False,True,True,True,False
20260527005400213221,2026년 청년창업자 임차료 지원사업,1081,NO,True,False,True,True,True,False
20260527005400213221,2026년 청년창업자 임차료 지원사업,1082,NO,True,False,True,True,True,False
20260527005400213221,2026년 청년창업자 임차료 지원사업,1083,NO,True,False,True,True,True,False
20260527005400213221,2026년 청년창업자 임차료 지원사업,1084,NO,True,False,True,True,True,False
20260527005400213221,2026년 청년창업자 임차료 지원사업,1085,NO,True,False,True,True,True,False
20260527005400213221,2026년 청년창업자 임차료 지원사업,1086,NO,True,False,True,True,True,False
20260527005400213221,2026년 청년창업자 임차료 지원사업,1087,NO,True,False,True,True,True,False
20260527005400213221,2026년 청년창업자 임차료 지원사업,1088,NO,True,False,True,True,True,False
20260527005400213221,2026년 청년창업자 임차료 지원사업,1089,NO,True,False,True,True,True,False
20260527005400213221,2026년 청년창업자 임차료 지원사업,1090,NO,True,False,True,True,True,False
20260527005400213221,2026년 청년창업자 임차료 지원사업,1091,NO,True,False,True,True,True,False
20260527005400213221,2026년 청년창업자 임차료 지원사업,1092,NO,True,False,True,True,True,False
20260527005400213221,2026년 청년창업자 임차료 지원사업,1093,NO,True,False,True,True,True,False
20260527005400213221,2026년 청년창업자 임차료 지원사업,1094,NO,True,False,True,True,True,False
20260527005400213221,2026년 청년창업자 임차료 지원사업,1095,NO,True,False,True,True,True,False
20260527005400213221,2026년 청년창업자 임차료 지원사업,1096,NO,True,False,True,True,True,False
20260527005400213221,2026년 청년창업자 임차료 지원사업,1097,NO,True,False,True,True,True,False
20260527005400213221,2026년 청년창업자 임차료 지원사업,1098,NO,True,False,True,True,True,False
20260527005400213221,2026년 청년창업자 임차료 지원사업,1099,NO,True,False,True,True,True,False
20260527005400213221,2026년 청년창업자 임차료 지원사업,1100,NO,True,False,True,True,True,False
20260522005400213220,삼척형 일자리 안심공제,1001,NO,True,False,True,True,True,False
20260522005400213220,삼척형 일자리 안심공제,1002,NO,True,True,True,True,True,False
20260522005400213220,삼척형 일자리 안심공제,1003,NO,True,False,True,True,True,False
20260522005400213220,삼척형 일자리 안심공제,1004,NO,True,True,True,True,True,False
20260522005400213220,삼척형 일자리 안심공제,1005,NO,True,False,True,True,True,False
20260522005400213220,삼척형 일자리 안심공제,1006,NO,True,False,True,True,True,False
20260522005400213220,삼척형 일자리 안심공제,1007,NO,True,False,True,True,True,False
20260522005400213220,삼척형 일자리 안심공제,1008,NO,True,False,True,True,True,False
20260522005400213220,삼척형 일자리 안심공제,1009,NO,True,True,True,True,True,False
20260522005400213220,삼척형 일자리 안심공제,1010,NO,True,False,True,True,True,False
20260522005400213220,삼척형 일자리 안심공제,1011,NO,True,False,True,True,True,False
20260522005400213220,삼척형 일자리 안심공제,1012,YES,True,True,True,True,True,True
20260522005400213220,삼척형 일자리 안심공제,1013,NO,True,False,True,True,True,False
20260522005400213220,삼척형 일자리 안심공제,1014,NO,True,False,True,True,True,False
20260522005400213220,삼척형 일자리 안심공제,1015,NO,True,False,True,True,True,False
20260522005400213220,삼척형 일자리 안심공제,1016,NO,True,False,True,True,True,False
20260522005400213220,삼척형 일자리 안심공제,1017,NO,True,False,True,True,True,False
20260522005400213220,삼척형 일자리 안심공제,1018,NO,True,False,True,True,True,False
20260522005400213220,삼척형 일자리 안심공제,1019,NO,True,False,True,True,True,False
20260522005400213220,삼척형 일자리 안심공제,1020,NO,True,False,True,True,True,False
20260522005400213220,삼척형 일자리 안심공제,1021,NO,True,False,True,True,True,False
20260522005400213220,삼척형 일자리 안심공제,1022,NO,True,False,True,True,True,True
20260522005400213220,삼척형 일자리 안심공제,1023,NO,True,False,True,True,True,False
20260522005400213220,삼척형 일자리 안심공제,1024,NO,True,False,True,True,True,False
20260522005400213220,삼척형 일자리 안심공제,1025,NO,True,False,True,True,True,False
20260522005400213220,삼척형 일자리 안심공제,1026,NO,True,False,True,True,True,False
20260522005400213220,삼척형 일자리 안심공제,1027,NO,True,False,True,True,True,False
20260522005400213220,삼척형 일자리 안심공제,1028,NO,True,False,True,True,True,False
20260522005400213220,삼척형 일자리 안심공제,1029,NO,True,False,True,True,True,False
20260522005400213220,삼척형 일자리 안심공제,1030,NO,True,False,True,True,True,False
20260522005400213220,삼척형 일자리 안심공제,1031,NO,True,False,True,True,True,False
20260522005400213220,삼척형 일자리 안심공제,1032,NO,True,False,True,True,True,False
20260522005400213220,삼척형 일자리 안심공제,1033,NO,True,False,True,True,True,False
20260522005400213220,삼척형 일자리 안심공제,1034,NO,True,False,True,True,True,False
20260522005400213220,삼척형 일자리 안심공제,1035,NO,True,False,True,True,True,False
20260522005400213220,삼척형 일자리 안심공제,1036,NO,True,False,True,True,True,False
20260522005400213220,삼척형 일자리 안심공제,1037,NO,True,False,True,True,True,False
20260522005400213220,삼척형 일자리 안심공제,1038,NO,True,False,True,True,True,False
20260522005400213220,삼척형 일자리 안심공제,1039,NO,True,False,True,True,True,False
20260522005400213220,삼척형 일자리 안심공제,1040,NO,True,False,True,True,True,False
20260522005400213220,삼척형 일자리 안심공제,1041,NO,True,False,True,True,True,True
20260522005400213220,삼척형 일자리 안심공제,1042,NO,True,False,True,True,True,True
20260522005400213220,삼척형 일자리 안심공제,1043,NO,True,False,True,True,True,True
20260522005400213220,삼척형 일자리 안심공제,1044,NO,True,False,True,True,True,True
20260522005400213220,삼척형 일자리 안심공제,1045,NO,True,False,True,True,True,True
20260522005400213220,삼척형 일자리 안심공제,1046,NO,True,False,True,True,True,True
20260522005400213220,삼척형 일자리 안심공제,1047,NO,True,False,True,True,True,True
20260522005400213220,삼척형 일자리 안심공제,1048,NO,True,False,True,True,True,True
20260522005400213220,삼척형 일자리 안심공제,1049,NO,True,False,True,True,True,True
20260522005400213220,삼척형 일자리 안심공제,1050,NO,True,False,True,True,True,True
20260522005400213220,삼척형 일자리 안심공제,1051,NO,True,False,True,True,True,True
20260522005400213220,삼척형 일자리 안심공제,1052,NO,True,False,True,True,True,True
20260522005400213220,삼척형 일자리 안심공제,1053,NO,True,False,True,True,True,True
20260522005400213220,삼척형 일자리 안심공제,1054,NO,True,False,True,True,True,True
20260522005400213220,삼척형 일자리 안심공제,1055,NO,True,False,True,True,True,True
20260522005400213220,삼척형 일자리 안심공제,1056,NO,True,False,True,True,True,True
20260522005400213220,삼척형 일자리 안심공제,1057,NO,True,False,True,True,True,True
20260522005400213220,삼척형 일자리 안심공제,1058,NO,True,False,True,True,True,True
20260522005400213220,삼척형 일자리 안심공제,1059,NO,True,False,True,True,True,True
20260522005400213220,삼척형 일자리 안심공제,1060,NO,True,False,True,True,True,True
20260522005400213220,삼척형 일자리 안심공제,1061,NO,True,False,True,True,True,False
20260522005400213220,삼척형 일자리 안심공제,1062,NO,True,False,True,True,True,False
20260522005400213220,삼척형 일자리 안심공제,1063,NO,True,False,True,True,True,False
20260522005400213220,삼척형 일자리 안심공제,1064,NO,True,False,True,True,True,False
20260522005400213220,삼척형 일자리 안심공제,1065,NO,True,False,True,True,True,False
20260522005400213220,삼척형 일자리 안심공제,1066,NO,True,False,True,True,True,False
20260522005400213220,삼척형 일자리 안심공제,1067,NO,True,False,True,True,True,False
20260522005400213220,삼척형 일자리 안심공제,1068,NO,True,False,True,True,True,False
20260522005400213220,삼척형 일자리 안심공제,1069,NO,True,False,True,True,True,False
20260522005400213220,삼척형 일자리 안심공제,1070,NO,True,False,True,True,True,False
20260522005400213220,삼척형 일자리 안심공제,1071,NO,True,False,True,True,True,False
20260522005400213220,삼척형 일자리 안심공제,1072,NO,True,False,True,True,True,False
20260522005400213220,삼척형 일자리 안심공제,1073,NO,True,False,True,True,True,False
20260522005400213220,삼척형 일자리 안심공제,1074,NO,True,False,True,True,True,False
20260522005400213220,삼척형 일자리 안심공제,1075,NO,True,False,True,True,True,False
20260522005400213220,삼척형 일자리 안심공제,1076,NO,True,False,True,True,True,False
20260522005400213220,삼척형 일자리 안심공제,1077,NO,True,False,True,True,True,False
20260522005400213220,삼척형 일자리 안심공제,1078,NO,True,False,True,True,True,False
20260522005400213220,삼척형 일자리 안심공제,1079,NO,True,False,True,True,True,False
20260522005400213220,삼척형 일자리 안심공제,1080,NO,True,False,True,True,True,False
20260522005400213220,삼척형 일자리 안심공제,1081,NO,True,False,True,True,True,False
20260522005400213220,삼척형 일자리 안심공제,1082,NO,True,False,True,True,True,True
20260522005400213220,삼척형 일자리 안심공제,1083,NO,True,False,True,True,True,True
20260522005400213220,삼척형 일자리 안심공제,1084,NO,True,False,True,True,True,False
20260522005400213220,삼척형 일자리 안심공제,1085,NO,True,False,True,True,True,False
20260522005400213220,삼척형 일자리 안심공제,1086,NO,True,False,True,True,True,False
20260522005400213220,삼척형 일자리 안심공제,1087,NO,True,False,True,True,True,False
20260522005400213220,삼척형 일자리 안심공제,1088,NO,True,False,True,True,True,False
20260522005400213220,삼척형 일자리 안심공제,1089,NO,True,False,True,True,True,True
20260522005400213220,삼척형 일자리 안심공제,1090,NO,True,False,True,True,True,False
20260522005400213220,삼척형 일자리 안심공제,1091,NO,True,False,True,True,True,False
20260522005400213220,삼척형 일자리 안심공제,1092,NO,True,False,True,True,True,True
20260522005400213220,삼척형 일자리 안심공제,1093,NO,True,False,True,True,True,False
20260522005400213220,삼척형 일자리 안심공제,1094,NO,True,False,True,True,True,True
20260522005400213220,삼척형 일자리 안심공제,1095,NO,True,False,True,True,True,False
20260522005400213220,삼척형 일자리 안심공제,1096,NO,True,False,True,True,True,False
20260522005400213220,삼척형 일자리 안심공제,1097,NO,True,False,True,True,True,False
20260522005400213220,삼척형 일자리 안심공제,1098,NO,True,False,True,True,True,True
20260522005400213220,삼척형 일자리 안심공제,1099,NO,True,False,True,True,True,False
20260522005400213220,삼척형 일자리 안심공제,1100,NO,True,True,True,True,True,False
20260522005400213219,대학생 아르바이트 운영,1001,NO,True,False,True,False,True,True
20260522005400213219,대학생 아르바이트 운영,1002,NO,True,True,True,False,True,True
20260522005400213219,대학생 아르바이트 운영,1003,NO,True,False,True,False,True,True
20260522005400213219,대학생 아르바이트 운영,1004,NO,True,True,True,False,True,True
20260522005400213219,대학생 아르바이트 운영,1005,NO,True,False,True,False,True,True
20260522005400213219,대학생 아르바이트 운영,1006,NO,True,False,True,False,True,True
20260522005400213219,대학생 아르바이트 운영,1007,NO,True,False,True,False,True,True
20260522005400213219,대학생 아르바이트 운영,1008,NO,True,False,True,False,True,True
20260522005400213219,대학생 아르바이트 운영,1009,NO,True,True,True,False,True,True
20260522005400213219,대학생 아르바이트 운영,1010,NO,True,False,True,False,True,True
20260522005400213219,대학생 아르바이트 운영,1011,NO,True,False,True,False,True,True
20260522005400213219,대학생 아르바이트 운영,1012,NO,True,True,True,False,True,True
20260522005400213219,대학생 아르바이트 운영,1013,NO,True,False,True,False,True,True
20260522005400213219,대학생 아르바이트 운영,1014,NO,True,False,True,False,True,True
20260522005400213219,대학생 아르바이트 운영,1015,NO,True,False,True,False,True,True
20260522005400213219,대학생 아르바이트 운영,1016,NO,True,False,True,False,True,True
20260522005400213219,대학생 아르바이트 운영,1017,NO,True,False,True,False,True,True
20260522005400213219,대학생 아르바이트 운영,1018,NO,True,False,True,False,True,True
20260522005400213219,대학생 아르바이트 운영,1019,NO,True,False,True,False,True,True
20260522005400213219,대학생 아르바이트 운영,1020,NO,True,False,True,False,True,True
20260522005400213219,대학생 아르바이트 운영,1021,NO,True,False,True,False,True,True
20260522005400213219,대학생 아르바이트 운영,1022,NO,True,False,True,False,True,True
20260522005400213219,대학생 아르바이트 운영,1023,NO,True,False,True,False,True,True
20260522005400213219,대학생 아르바이트 운영,1024,NO,True,False,True,False,True,True
20260522005400213219,대학생 아르바이트 운영,1025,NO,True,False,True,False,True,True
20260522005400213219,대학생 아르바이트 운영,1026,NO,True,False,True,False,True,True
20260522005400213219,대학생 아르바이트 운영,1027,NO,True,False,True,False,True,True
20260522005400213219,대학생 아르바이트 운영,1028,NO,True,False,True,False,True,True
20260522005400213219,대학생 아르바이트 운영,1029,NO,True,False,True,False,True,True
20260522005400213219,대학생 아르바이트 운영,1030,NO,True,False,True,False,True,True
20260522005400213219,대학생 아르바이트 운영,1031,NO,True,False,True,False,True,True
20260522005400213219,대학생 아르바이트 운영,1032,NO,True,False,True,False,True,True
20260522005400213219,대학생 아르바이트 운영,1033,NO,True,False,True,False,True,True
20260522005400213219,대학생 아르바이트 운영,1034,NO,True,False,True,False,True,True
20260522005400213219,대학생 아르바이트 운영,1035,NO,True,False,True,False,True,True
20260522005400213219,대학생 아르바이트 운영,1036,NO,True,False,True,False,True,True
20260522005400213219,대학생 아르바이트 운영,1037,NO,True,False,True,False,True,True
20260522005400213219,대학생 아르바이트 운영,1038,NO,True,False,True,False,True,True
20260522005400213219,대학생 아르바이트 운영,1039,NO,True,False,True,False,True,True
20260522005400213219,대학생 아르바이트 운영,1040,NO,True,False,True,False,True,True
20260522005400213219,대학생 아르바이트 운영,1041,NO,True,False,True,False,True,True
20260522005400213219,대학생 아르바이트 운영,1042,NO,True,False,True,False,True,True
20260522005400213219,대학생 아르바이트 운영,1043,NO,True,False,True,False,True,True
20260522005400213219,대학생 아르바이트 운영,1044,NO,True,False,True,False,True,True
20260522005400213219,대학생 아르바이트 운영,1045,NO,True,False,True,False,True,True
20260522005400213219,대학생 아르바이트 운영,1046,NO,True,False,True,False,True,True
20260522005400213219,대학생 아르바이트 운영,1047,NO,True,False,True,False,True,True
20260522005400213219,대학생 아르바이트 운영,1048,NO,True,False,True,False,True,True
20260522005400213219,대학생 아르바이트 운영,1049,NO,True,False,True,False,True,True
20260522005400213219,대학생 아르바이트 운영,1050,NO,True,False,True,False,True,True
20260522005400213219,대학생 아르바이트 운영,1051,NO,True,False,True,False,True,True
20260522005400213219,대학생 아르바이트 운영,1052,NO,True,False,True,False,True,True
20260522005400213219,대학생 아르바이트 운영,1053,NO,True,False,True,False,True,True
20260522005400213219,대학생 아르바이트 운영,1054,NO,True,False,True,False,True,True
20260522005400213219,대학생 아르바이트 운영,1055,NO,True,False,True,False,True,True
20260522005400213219,대학생 아르바이트 운영,1056,NO,True,False,True,False,True,True
20260522005400213219,대학생 아르바이트 운영,1057,NO,True,False,True,False,True,True
20260522005400213219,대학생 아르바이트 운영,1058,NO,True,False,True,False,True,True
20260522005400213219,대학생 아르바이트 운영,1059,NO,True,False,True,False,True,True
20260522005400213219,대학생 아르바이트 운영,1060,NO,True,False,True,False,True,True
20260522005400213219,대학생 아르바이트 운영,1061,NO,True,False,True,False,True,True
20260522005400213219,대학생 아르바이트 운영,1062,NO,True,False,True,False,True,True
20260522005400213219,대학생 아르바이트 운영,1063,NO,True,False,True,False,True,True
20260522005400213219,대학생 아르바이트 운영,1064,NO,True,False,True,False,True,True
20260522005400213219,대학생 아르바이트 운영,1065,NO,True,False,True,False,True,True
20260522005400213219,대학생 아르바이트 운영,1066,NO,True,False,True,False,True,True
20260522005400213219,대학생 아르바이트 운영,1067,NO,True,False,True,False,True,True
20260522005400213219,대학생 아르바이트 운영,1068,NO,True,False,True,False,True,True
20260522005400213219,대학생 아르바이트 운영,1069,NO,True,False,True,False,True,True
20260522005400213219,대학생 아르바이트 운영,1070,NO,True,False,True,False,True,True
20260522005400213219,대학생 아르바이트 운영,1071,NO,True,False,True,False,True,True
20260522005400213219,대학생 아르바이트 운영,1072,NO,True,False,True,False,True,True
20260522005400213219,대학생 아르바이트 운영,1073,NO,True,False,True,False,True,True
20260522005400213219,대학생 아르바이트 운영,1074,NO,True,False,True,False,True,True
20260522005400213219,대학생 아르바이트 운영,1075,NO,True,False,True,False,True,True
20260522005400213219,대학생 아르바이트 운영,1076,NO,True,False,True,False,True,True
20260522005400213219,대학생 아르바이트 운영,1077,NO,True,False,True,False,True,True
20260522005400213219,대학생 아르바이트 운영,1078,NO,True,False,True,False,True,True
20260522005400213219,대학생 아르바이트 운영,1079,NO,True,False,True,False,True,True
20260522005400213219,대학생 아르바이트 운영,1080,NO,True,False,True,False,True,True
20260522005400213219,대학생 아르바이트 운영,1081,NO,True,False,True,False,True,True
20260522005400213219,대학생 아르바이트 운영,1082,NO,True,False,True,False,True,True
20260522005400213219,대학생 아르바이트 운영,1083,NO,True,False,True,False,True,True
20260522005400213219,대학생 아르바이트 운영,1084,NO,True,False,True,False,True,True
20260522005400213219,대학생 아르바이트 운영,1085,NO,True,False,True,False,True,True
20260522005400213219,대학생 아르바이트 운영,1086,NO,True,False,True,False,True,True
20260522005400213219,대학생 아르바이트 운영,1087,NO,True,False,True,False,True,True
20260522005400213219,대학생 아르바이트 운영,1088,NO,True,False,True,False,True,True
20260522005400213219,대학생 아르바이트 운영,1089,NO,True,False,True,False,True,True
20260522005400213219,대학생 아르바이트 운영,1090,NO,True,False,True,False,True,True
20260522005400213219,대학생 아르바이트 운영,1091,NO,True,False,True,False,True,True
20260522005400213219,대학생 아르바이트 운영,1092,NO,True,False,True,False,True,True
20260522005400213219,대학생 아르바이트 운영,1093,NO,True,False,True,False,True,True
20260522005400213219,대학생 아르바이트 운영,1094,NO,True,False,True,False,True,True
20260522005400213219,대학생 아르바이트 운영,1095,NO,True,False,True,False,True,True
20260522005400213219,대학생 아르바이트 운영,1096,NO,True,False,True,False,True,True
20260522005400213219,대학생 아르바이트 운영,1097,NO,True,False,True,False,True,True
20260522005400213219,대학생 아르바이트 운영,1098,NO,True,False,True,False,True,True
20260522005400213219,대학생 아르바이트 운영,1099,NO,True,False,True,False,True,True
20260522005400213219,대학생 아르바이트 운영,1100,NO,True,True,True,False,True,True
20260522005400213218,삼척형 청년인턴 지원사업,1001,NO,True,False,True,False,True,False
20260522005400213218,삼척형 청년인턴 지원사업,1002,NO,True,True,True,False,True,False
20260522005400213218,삼척형 청년인턴 지원사업,1003,NO,True,False,True,False,True,False
20260522005400213218,삼척형 청년인턴 지원사업,1004,NO,True,True,True,False,True,True
20260522005400213218,삼척형 청년인턴 지원사업,1005,NO,True,False,True,False,True,False
20260522005400213218,삼척형 청년인턴 지원사업,1006,NO,True,False,True,False,True,True
20260522005400213218,삼척형 청년인턴 지원사업,1007,NO,True,False,True,False,True,True
20260522005400213218,삼척형 청년인턴 지원사업,1008,NO,True,False,True,False,True,False
20260522005400213218,삼척형 청년인턴 지원사업,1009,NO,True,True,True,False,True,False
20260522005400213218,삼척형 청년인턴 지원사업,1010,NO,True,False,True,False,True,True
20260522005400213218,삼척형 청년인턴 지원사업,1011,NO,True,False,True,False,True,False
20260522005400213218,삼척형 청년인턴 지원사업,1012,NO,True,True,True,False,True,False
20260522005400213218,삼척형 청년인턴 지원사업,1013,NO,True,False,True,False,True,True
20260522005400213218,삼척형 청년인턴 지원사업,1014,NO,True,False,True,False,True,True
20260522005400213218,삼척형 청년인턴 지원사업,1015,NO,True,False,True,False,True,True
20260522005400213218,삼척형 청년인턴 지원사업,1016,NO,True,False,True,False,True,False
20260522005400213218,삼척형 청년인턴 지원사업,1017,NO,True,False,True,False,True,True
20260522005400213218,삼척형 청년인턴 지원사업,1018,NO,True,False,True,False,True,False
20260522005400213218,삼척형 청년인턴 지원사업,1019,NO,True,False,True,False,True,True
20260522005400213218,삼척형 청년인턴 지원사업,1020,NO,True,False,True,False,True,False
20260522005400213218,삼척형 청년인턴 지원사업,1021,NO,True,False,True,False,True,True
20260522005400213218,삼척형 청년인턴 지원사업,1022,NO,True,False,True,False,True,False
20260522005400213218,삼척형 청년인턴 지원사업,1023,NO,True,False,True,False,True,True
20260522005400213218,삼척형 청년인턴 지원사업,1024,NO,True,False,True,False,True,True
20260522005400213218,삼척형 청년인턴 지원사업,1025,NO,True,False,True,False,True,True
20260522005400213218,삼척형 청년인턴 지원사업,1026,NO,True,False,True,False,True,True
20260522005400213218,삼척형 청년인턴 지원사업,1027,NO,True,False,True,False,True,True
20260522005400213218,삼척형 청년인턴 지원사업,1028,NO,True,False,True,False,True,True
20260522005400213218,삼척형 청년인턴 지원사업,1029,NO,True,False,True,False,True,True
20260522005400213218,삼척형 청년인턴 지원사업,1030,NO,True,False,True,False,True,True
20260522005400213218,삼척형 청년인턴 지원사업,1031,NO,True,False,True,False,True,True
20260522005400213218,삼척형 청년인턴 지원사업,1032,NO,True,False,True,False,True,True
20260522005400213218,삼척형 청년인턴 지원사업,1033,NO,True,False,True,False,True,True
20260522005400213218,삼척형 청년인턴 지원사업,1034,NO,True,False,True,False,True,True
20260522005400213218,삼척형 청년인턴 지원사업,1035,NO,True,False,True,False,True,True
20260522005400213218,삼척형 청년인턴 지원사업,1036,NO,True,False,True,False,True,True
20260522005400213218,삼척형 청년인턴 지원사업,1037,NO,True,False,True,False,True,True
20260522005400213218,삼척형 청년인턴 지원사업,1038,NO,True,False,True,False,True,True
20260522005400213218,삼척형 청년인턴 지원사업,1039,NO,True,False,True,False,True,True
20260522005400213218,삼척형 청년인턴 지원사업,1040,NO,True,False,True,False,True,True
20260522005400213218,삼척형 청년인턴 지원사업,1041,NO,True,False,True,False,True,False
20260522005400213218,삼척형 청년인턴 지원사업,1042,NO,True,False,True,False,True,False
20260522005400213218,삼척형 청년인턴 지원사업,1043,NO,True,False,True,False,True,False
20260522005400213218,삼척형 청년인턴 지원사업,1044,NO,True,False,True,False,True,False
20260522005400213218,삼척형 청년인턴 지원사업,1045,NO,True,False,True,False,True,False
20260522005400213218,삼척형 청년인턴 지원사업,1046,NO,True,False,True,False,True,False
20260522005400213218,삼척형 청년인턴 지원사업,1047,NO,True,False,True,False,True,False
20260522005400213218,삼척형 청년인턴 지원사업,1048,NO,True,False,True,False,True,False
20260522005400213218,삼척형 청년인턴 지원사업,1049,NO,True,False,True,False,True,False
20260522005400213218,삼척형 청년인턴 지원사업,1050,NO,True,False,True,False,True,False
20260522005400213218,삼척형 청년인턴 지원사업,1051,NO,True,False,True,False,True,False
20260522005400213218,삼척형 청년인턴 지원사업,1052,NO,True,False,True,False,True,False
20260522005400213218,삼척형 청년인턴 지원사업,1053,NO,True,False,True,False,True,False
20260522005400213218,삼척형 청년인턴 지원사업,1054,NO,True,False,True,False,True,False
20260522005400213218,삼척형 청년인턴 지원사업,1055,NO,True,False,True,False,True,False
20260522005400213218,삼척형 청년인턴 지원사업,1056,NO,True,False,True,False,True,False
20260522005400213218,삼척형 청년인턴 지원사업,1057,NO,True,False,True,False,True,False
20260522005400213218,삼척형 청년인턴 지원사업,1058,NO,True,False,True,False,True,False
20260522005400213218,삼척형 청년인턴 지원사업,1059,NO,True,False,True,False,True,False
20260522005400213218,삼척형 청년인턴 지원사업,1060,NO,True,False,True,False,True,False
20260522005400213218,삼척형 청년인턴 지원사업,1061,NO,True,False,True,False,True,False
20260522005400213218,삼척형 청년인턴 지원사업,1062,NO,True,False,True,False,True,False
20260522005400213218,삼척형 청년인턴 지원사업,1063,NO,True,False,True,False,True,False
20260522005400213218,삼척형 청년인턴 지원사업,1064,NO,True,False,True,False,True,False
20260522005400213218,삼척형 청년인턴 지원사업,1065,NO,True,False,True,False,True,False
20260522005400213218,삼척형 청년인턴 지원사업,1066,NO,True,False,True,False,True,False
20260522005400213218,삼척형 청년인턴 지원사업,1067,NO,True,False,True,False,True,True
20260522005400213218,삼척형 청년인턴 지원사업,1068,NO,True,False,True,False,True,False
20260522005400213218,삼척형 청년인턴 지원사업,1069,NO,True,False,True,False,True,False
20260522005400213218,삼척형 청년인턴 지원사업,1070,NO,True,False,True,False,True,False
20260522005400213218,삼척형 청년인턴 지원사업,1071,NO,True,False,True,False,True,False
20260522005400213218,삼척형 청년인턴 지원사업,1072,NO,True,False,True,False,True,False
20260522005400213218,삼척형 청년인턴 지원사업,1073,NO,True,False,True,False,True,False
20260522005400213218,삼척형 청년인턴 지원사업,1074,NO,True,False,True,False,True,False
20260522005400213218,삼척형 청년인턴 지원사업,1075,NO,True,False,True,False,True,False
20260522005400213218,삼척형 청년인턴 지원사업,1076,NO,True,False,True,False,True,False
20260522005400213218,삼척형 청년인턴 지원사업,1077,NO,True,False,True,False,True,False
20260522005400213218,삼척형 청년인턴 지원사업,1078,NO,True,False,True,False,True,False
20260522005400213218,삼척형 청년인턴 지원사업,1079,NO,True,False,True,False,True,False
20260522005400213218,삼척형 청년인턴 지원사업,1080,NO,True,False,True,False,True,False
20260522005400213218,삼척형 청년인턴 지원사업,1081,NO,True,False,True,False,True,True
20260522005400213218,삼척형 청년인턴 지원사업,1082,NO,True,False,True,False,True,False
20260522005400213218,삼척형 청년인턴 지원사업,1083,NO,True,False,True,False,True,False
20260522005400213218,삼척형 청년인턴 지원사업,1084,NO,True,False,True,False,True,True
20260522005400213218,삼척형 청년인턴 지원사업,1085,NO,True,False,True,False,True,True
20260522005400213218,삼척형 청년인턴 지원사업,1086,NO,True,False,True,False,True,False
20260522005400213218,삼척형 청년인턴 지원사업,1087,NO,True,False,True,False,True,True
20260522005400213218,삼척형 청년인턴 지원사업,1088,NO,True,False,True,False,True,True
20260522005400213218,삼척형 청년인턴 지원사업,1089,NO,True,False,True,False,True,False
20260522005400213218,삼척형 청년인턴 지원사업,1090,NO,True,False,True,False,True,True
20260522005400213218,삼척형 청년인턴 지원사업,1091,NO,True,False,True,False,True,True
20260522005400213218,삼척형 청년인턴 지원사업,1092,NO,True,False,True,False,True,False
20260522005400213218,삼척형 청년인턴 지원사업,1093,NO,True,False,True,False,True,True
20260522005400213218,삼척형 청년인턴 지원사업,1094,NO,True,False,True,False,True,False
20260522005400213218,삼척형 청년인턴 지원사업,1095,NO,True,False,True,False,True,True
20260522005400213218,삼척형 청년인턴 지원사업,1096,NO,True,False,True,False,True,False
20260522005400213218,삼척형 청년인턴 지원사업,1097,NO,True,False,True,False,True,True
20260522005400213218,삼척형 청년인턴 지원사업,1098,NO,True,False,True,False,True,False
20260522005400213218,삼척형 청년인턴 지원사업,1099,NO,True,False,True,False,True,False
20260522005400213218,삼척형 청년인턴 지원사업,1100,NO,True,True,True,False,True,True
